time,FLOW,SALT,TEMP
2003-11-08T00:00:00Z,1.947811161,0,3.932819774
2003-11-09T00:00:00Z,1.947811161,0,0.992097097
2003-11-10T00:00:00Z,1.947811161,0,0.992097097
2003-11-11T00:00:00Z,1.947811161,0,1.444868465
2003-11-12T00:00:00Z,1.947811161,0,4.907849721
2003-11-13T00:00:00Z,1.947811161,0,8.973444352
2003-11-14T00:00:00Z,1.947811161,0,1.519756586
2003-11-15T00:00:00Z,1.931023975,0,0.992097097
2003-11-16T00:00:00Z,1.931023975,0,0.992083629
2003-11-17T00:00:00Z,1.931023975,0,1.320945454
2003-11-18T00:00:00Z,1.931023975,0,3.031299963
2003-11-19T00:00:00Z,1.931023975,0,5.188001891
2003-11-20T00:00:00Z,1.931023975,0,11.7181555
2003-11-21T00:00:00Z,1.931023975,0,5.335948433
2003-11-22T00:00:00Z,1.931023975,0,5.531205595
2003-11-23T00:00:00Z,1.931023975,0,4.475160928
2003-11-24T00:00:00Z,1.931023975,0,3.901887787
2003-11-25T00:00:00Z,1.931023975,0,4.931606234
2003-11-26T00:00:00Z,1.914339141,0,2.000926724
2003-11-27T00:00:00Z,1.914339141,0,3.70595405
2003-11-28T00:00:00Z,1.914339141,0,5.445894999
2003-11-29T00:00:00Z,1.914339141,0,9.683625967
2003-11-30T00:00:00Z,1.914339141,0,1.937247946
2003-12-01T00:00:00Z,1.914339141,0,3.181837697
2003-12-02T00:00:00Z,1.914339141,0,0.993266977
2003-12-03T00:00:00Z,1.914339141,0,0.992097097
2003-12-04T00:00:00Z,1.914339141,0,0.992097097
2003-12-05T00:00:00Z,1.914339141,0,0.992097097
2003-12-06T00:00:00Z,1.914339141,0,0.992097097
2003-12-07T00:00:00Z,1.914339141,0,0.992097097
2003-12-08T00:00:00Z,1.914339141,0,0.992097097
2003-12-09T00:00:00Z,1.914339141,0,0.992097097
2003-12-10T00:00:00Z,1.914339141,0,0.992097097
2003-12-11T00:00:00Z,1.914339141,0,1.871278765
2003-12-12T00:00:00Z,1.914339141,0,3.035626169
2003-12-13T00:00:00Z,1.914339141,0,0.991351801
2003-12-14T00:00:00Z,19.1751774,0,0.639184497
2003-12-15T00:00:00Z,1.931023975,0,0.992097097
2003-12-16T00:00:00Z,1.931023975,0,0.992097097
2003-12-17T00:00:00Z,1.931023975,0,0.980697274
2003-12-18T00:00:00Z,10.93705064,0,2.308520466
2003-12-19T00:00:00Z,1.947811161,0,0.988445755
2003-12-20T00:00:00Z,1.947811161,0,0.992097097
2003-12-21T00:00:00Z,1.947811161,0,0.992097097
2003-12-22T00:00:00Z,1.947811161,0,0.992076737
2003-12-23T00:00:00Z,1.931023975,0,2.497833121
2003-12-24T00:00:00Z,1.931023975,0,3.778448047
2003-12-25T00:00:00Z,1.931023975,0,7.567289975
2003-12-26T00:00:00Z,1.931023975,0,2.894234658
2003-12-27T00:00:00Z,1.931023975,0,0.9920204
2003-12-28T00:00:00Z,1.931023975,0,0.992046458
2003-12-29T00:00:00Z,1.931023975,0,3.030025889
2003-12-30T00:00:00Z,1.931023975,0,4.731276033
2003-12-31T00:00:00Z,1.931023975,0,3.163667158
2004-01-01T00:00:00Z,1.931023975,0,1.991590298
2004-01-02T00:00:00Z,1.914339141,0,0.992086272
2004-01-03T00:00:00Z,1.914339141,0,1.021964754
2004-01-04T00:00:00Z,1.914339141,0,3.773166373
2004-01-05T00:00:00Z,1.914339141,0,0.991537356
2004-01-06T00:00:00Z,1.914339141,0,0.992097097
2004-01-07T00:00:00Z,1.914339141,0,0.992097097
2004-01-08T00:00:00Z,1.914339141,0,0.992097097
2004-01-09T00:00:00Z,1.897729181,0,0.992097097
2004-01-10T00:00:00Z,1.897729181,0,0.992097097
2004-01-11T00:00:00Z,1.897729181,0,0.992097097
2004-01-12T00:00:00Z,1.897729181,0,0.992097097
2004-01-13T00:00:00Z,1.897729181,0,0.992097097
2004-01-14T00:00:00Z,1.897729181,0,0.992097097
2004-01-15T00:00:00Z,1.897729181,0,0.992097097
2004-01-16T00:00:00Z,1.897729181,0,0.992097097
2004-01-17T00:00:00Z,1.897729181,0,0.992097097
2004-01-18T00:00:00Z,1.897729181,0,0.992097097
2004-01-19T00:00:00Z,1.897729181,0,0.992097097
2004-01-20T00:00:00Z,1.897729181,0,0.992097097
2004-01-21T00:00:00Z,1.897729181,0,0.992097097
2004-01-22T00:00:00Z,1.881190002,0,0.992097097
2004-01-23T00:00:00Z,18.94388369,0,0.63897729
2004-01-24T00:00:00Z,1.897729181,0,0.992097097
2004-01-25T00:00:00Z,1.881190002,0,0.992097097
2004-01-26T00:00:00Z,1.881190002,0,0.992097097
2004-01-27T00:00:00Z,1.881190002,0,0.992097097
2004-01-28T00:00:00Z,1.881190002,0,0.992097097
2004-01-29T00:00:00Z,1.881190002,0,0.992097097
2004-01-30T00:00:00Z,1.881190002,0,0.992097097
2004-01-31T00:00:00Z,1.881190002,0,0.992097097
2004-02-01T00:00:00Z,1.881190002,0,0.992097097
2004-02-02T00:00:00Z,1.881190002,0,0.992097097
2004-02-03T00:00:00Z,1.881190002,0,0.992097097
2004-02-04T00:00:00Z,1.881190002,0,0.998638561
2004-02-05T00:00:00Z,1.881190002,0,0.992097097
2004-02-06T00:00:00Z,1.881190002,0,0.992097097
2004-02-07T00:00:00Z,1.881190002,0,0.992097097
2004-02-08T00:00:00Z,1.881190002,0,0.992097097
2004-02-09T00:00:00Z,1.881190002,0,0.992097097
2004-02-10T00:00:00Z,1.881190002,0,0.992092331
2004-02-11T00:00:00Z,1.881190002,0,0.993596345
2004-02-12T00:00:00Z,1.881190002,0,0.992097097
2004-02-13T00:00:00Z,1.881190002,0,0.992097097
2004-02-14T00:00:00Z,1.881190002,0,0.992097097
2004-02-15T00:00:00Z,1.881190002,0,0.992097097
2004-02-16T00:00:00Z,1.881190002,0,0.992097097
2004-02-17T00:00:00Z,1.881190002,0,0.992097097
2004-02-18T00:00:00Z,1.864718324,0,0.992097097
2004-02-19T00:00:00Z,1.864718324,0,0.992097097
2004-02-20T00:00:00Z,1.864718324,0,0.992097097
2004-02-21T00:00:00Z,1.864718324,0,1.004246654
2004-02-22T00:00:00Z,1.864718324,0,1.366080942
2004-02-23T00:00:00Z,1.864718324,0,0.992097097
2004-02-24T00:00:00Z,1.864718324,0,0.992097097
2004-02-25T00:00:00Z,1.864718324,0,0.992097097
2004-02-26T00:00:00Z,1.864718324,0,0.992097097
2004-02-27T00:00:00Z,1.864718324,0,0.992097097
2004-02-28T00:00:00Z,1.864718324,0,0.992082717
2004-02-29T00:00:00Z,1.864718324,0,0.997434988
2004-03-01T00:00:00Z,1.864718324,0,3.230750855
2004-03-02T00:00:00Z,1.864718324,0,3.818307673
2004-03-03T00:00:00Z,1.864718324,0,4.606094506
2004-03-04T00:00:00Z,1.864718324,0,2.423112137
2004-03-05T00:00:00Z,1.864718324,0,3.669610493
2004-03-06T00:00:00Z,1.864718324,0,7.065254763
2004-03-07T00:00:00Z,1.864718324,0,4.478341741
2004-03-08T00:00:00Z,18.32459178,0,1.714648643
2004-03-09T00:00:00Z,1.881190002,0,0.997359231
2004-03-10T00:00:00Z,1.881190002,0,1.216109315
2004-03-11T00:00:00Z,1.881190002,0,1.373421376
2004-03-12T00:00:00Z,1.881190002,0,3.240313038
2004-03-13T00:00:00Z,1.881190002,0,1.167480798
2004-03-14T00:00:00Z,1.881190002,0,0.991923014
2004-03-15T00:00:00Z,1.881190002,0,2.683317065
2004-03-16T00:00:00Z,1.881190002,0,1.319239763
2004-03-17T00:00:00Z,1.881190002,0,0.992090449
2004-03-18T00:00:00Z,1.881190002,0,0.992097097
2004-03-19T00:00:00Z,1.881190002,0,0.992097097
2004-03-20T00:00:00Z,1.881190002,0,0.991990869
2004-03-21T00:00:00Z,1.881190002,0,1.728318105
2004-03-22T00:00:00Z,1.881190002,0,0.991529154
2004-03-23T00:00:00Z,1.881190002,0,0.992097097
2004-03-24T00:00:00Z,1.881190002,0,0.992954336
2004-03-25T00:00:00Z,1.881190002,0,4.135861652
2004-03-26T00:00:00Z,1.881190002,0,6.415479076
2004-03-27T00:00:00Z,1.881190002,0,12.72969843
2004-03-28T00:00:00Z,19.00772229,0,7.790011995
2004-03-29T00:00:00Z,1.897729181,0,4.187547561
2004-03-30T00:00:00Z,1.897729181,0,3.230549402
2004-03-31T00:00:00Z,1.897729181,0,4.317154919
2004-04-01T00:00:00Z,16.45670725,0,4.876623301
2004-04-02T00:00:00Z,12.76472556,0,4.085518088
2004-04-03T00:00:00Z,18.90838828,0,3.066348466
2004-04-04T00:00:00Z,1.947811161,0,8.12747893
2004-04-05T00:00:00Z,18.81476379,0,2.680191464
2004-04-06T00:00:00Z,1.964736032,0,0.991310144
2004-04-07T00:00:00Z,1.964736032,0,2.179479037
2004-04-08T00:00:00Z,1.964736032,0,3.539614202
2004-04-09T00:00:00Z,1.964736032,0,6.229360881
2004-04-10T00:00:00Z,1.964736032,0,4.36997794
2004-04-11T00:00:00Z,1.964736032,0,3.777879063
2004-04-12T00:00:00Z,1.964736032,0,5.027612195
2004-04-13T00:00:00Z,1.964736032,0,5.443728229
2004-04-14T00:00:00Z,1.964736032,0,11.43000279
2004-04-15T00:00:00Z,19.33956218,0,6.927807716
2004-04-16T00:00:00Z,1.981800029,0,4.100466415
2004-04-17T00:00:00Z,1.981800029,0,8.000421844
2004-04-18T00:00:00Z,1.981800029,0,12.97585467
2004-04-19T00:00:00Z,1.964736032,0,13.47826953
2004-04-20T00:00:00Z,1.964736032,0,16.3701426
2004-04-21T00:00:00Z,1.964736032,0,8.426154275
2004-04-22T00:00:00Z,1.964736032,0,10.03501318
2004-04-23T00:00:00Z,1.964736032,0,12.85252895
2004-04-24T00:00:00Z,19.4198351,0,7.019237692
2004-04-25T00:00:00Z,1.981800029,0,4.850982573
2004-04-26T00:00:00Z,1.981800029,0,6.277774135
2004-04-27T00:00:00Z,1.981800029,0,10.80560271
2004-04-28T00:00:00Z,1.981800029,0,9.375476457
2004-04-29T00:00:00Z,1.981800029,0,6.561227407
2004-04-30T00:00:00Z,1.981800029,0,15.662122
2004-05-01T00:00:00Z,1.981800029,0,17.65201619
2004-05-02T00:00:00Z,1.981800029,0,18.35056296
2004-05-03T00:00:00Z,1.981800029,0,16.61490868
2004-05-04T00:00:00Z,16.15460609,0,9.155056008
2004-05-05T00:00:00Z,1.998963464,0,6.208781078
2004-05-06T00:00:00Z,1.998963464,0,10.10510917
2004-05-07T00:00:00Z,1.998963464,0,13.38583536
2004-05-08T00:00:00Z,1.998963464,0,7.58333649
2004-05-09T00:00:00Z,1.998963464,0,8.610720478
2004-05-10T00:00:00Z,1.998963464,0,11.90716924
2004-05-11T00:00:00Z,1.998963464,0,16.24648394
2004-05-12T00:00:00Z,1.998963464,0,18.68375244
2004-05-13T00:00:00Z,1.998963464,0,19.48547156
2004-05-14T00:00:00Z,1.998963464,0,13.19099668
2004-05-15T00:00:00Z,1.998963464,0,19.76264942
2004-05-16T00:00:00Z,1.998963464,0,17.89589958
2004-05-17T00:00:00Z,1.998963464,0,13.67028979
2004-05-18T00:00:00Z,1.998963464,0,16.24805143
2004-05-19T00:00:00Z,1.998963464,0,18.23539993
2004-05-20T00:00:00Z,19.74442955,0,14.24498268
2004-05-21T00:00:00Z,2.01614411,0,14.9498971
2004-05-22T00:00:00Z,2.01614411,0,15.18945584
2004-05-23T00:00:00Z,2.01614411,0,11.559422
2004-05-24T00:00:00Z,2.01614411,0,14.58023952
2004-05-25T00:00:00Z,2.01614411,0,12.42444865
2004-05-26T00:00:00Z,19.16721179,0,10.32447506
2004-05-27T00:00:00Z,2.033346068,0,14.4900601
2004-05-28T00:00:00Z,2.033346068,0,15.67903658
2004-05-29T00:00:00Z,2.01614411,0,11.37247989
2004-05-30T00:00:00Z,2.01614411,0,8.522400645
2004-05-31T00:00:00Z,2.01614411,0,11.22376307
2004-06-01T00:00:00Z,2.01614411,0,10.77018345
2004-06-02T00:00:00Z,1.998963464,0,10.29139709
2004-06-03T00:00:00Z,1.998963464,0,13.71464589
2004-06-04T00:00:00Z,1.998963464,0,11.91584432
2004-06-05T00:00:00Z,1.998963464,0,14.28462351
2004-06-06T00:00:00Z,1.998963464,0,13.63757069
2004-06-07T00:00:00Z,1.998963464,0,11.79667131
2004-06-08T00:00:00Z,1.998963464,0,18.65963956
2004-06-09T00:00:00Z,1.998963464,0,21.38643483
2004-06-10T00:00:00Z,1.998963464,0,19.503939
2004-06-11T00:00:00Z,1.998963464,0,11.78751664
2004-06-12T00:00:00Z,1.998963464,0,11.24685683
2004-06-13T00:00:00Z,1.998963464,0,14.35314753
2004-06-14T00:00:00Z,1.998963464,0,16.53004831
2004-06-15T00:00:00Z,1.998963464,0,18.9487545
2004-06-16T00:00:00Z,1.998963464,0,19.40507316
2004-06-17T00:00:00Z,1.998963464,0,20.01479003
2004-06-18T00:00:00Z,1.981800029,0,18.6698104
2004-06-19T00:00:00Z,1.981800029,0,18.10793314
2004-06-20T00:00:00Z,1.981800029,0,13.62521295
2004-06-21T00:00:00Z,1.981800029,0,13.08001781
2004-06-22T00:00:00Z,1.981800029,0,15.29586555
2004-06-23T00:00:00Z,1.981800029,0,17.97186401
2004-06-24T00:00:00Z,1.981800029,0,17.2452087
2004-06-25T00:00:00Z,1.981800029,0,18.09458
2004-06-26T00:00:00Z,1.981800029,0,17.01787522
2004-06-27T00:00:00Z,1.981800029,0,14.21441002
2004-06-28T00:00:00Z,1.981800029,0,14.70777172
2004-06-29T00:00:00Z,1.981800029,0,14.97885684
2004-06-30T00:00:00Z,1.981800029,0,16.95834902
2004-07-01T00:00:00Z,1.981800029,0,18.9018715
2004-07-02T00:00:00Z,1.981800029,0,20.36586421
2004-07-03T00:00:00Z,1.981800029,0,18.12128155
2004-07-04T00:00:00Z,1.981800029,0,19.88516729
2004-07-05T00:00:00Z,1.981800029,0,19.1732831
2004-07-06T00:00:00Z,1.981800029,0,18.90590155
2004-07-07T00:00:00Z,1.981800029,0,17.81565669
2004-07-08T00:00:00Z,1.981800029,0,19.47401668
2004-07-09T00:00:00Z,1.981800029,0,17.75143272
2004-07-10T00:00:00Z,1.981800029,0,17.44420438
2004-07-11T00:00:00Z,1.981800029,0,17.95692913
2004-07-12T00:00:00Z,1.981800029,0,18.90458089
2004-07-13T00:00:00Z,1.981800029,0,17.72954746
2004-07-14T00:00:00Z,1.981800029,0,15.2286269
2004-07-15T00:00:00Z,1.981800029,0,17.06249772
2004-07-16T00:00:00Z,1.981800029,0,18.1481559
2004-07-17T00:00:00Z,1.981800029,0,18.40633954
2004-07-18T00:00:00Z,1.981800029,0,20.29516416
2004-07-19T00:00:00Z,1.981800029,0,19.49597767
2004-07-20T00:00:00Z,1.981800029,0,19.13916305
2004-07-21T00:00:00Z,1.981800029,0,21.0176031
2004-07-22T00:00:00Z,1.981800029,0,21.67726683
2004-07-23T00:00:00Z,1.981800029,0,22.3558609
2004-07-24T00:00:00Z,1.981800029,0,19.95097133
2004-07-25T00:00:00Z,1.981800029,0,16.16796504
2004-07-26T00:00:00Z,1.981800029,0,16.58035221
2004-07-27T00:00:00Z,1.981800029,0,17.02198258
2004-07-28T00:00:00Z,15.20335684,0,15.21304883
2004-07-29T00:00:00Z,1.998963464,0,18.36423152
2004-07-30T00:00:00Z,1.981800029,0,20.84006729
2004-07-31T00:00:00Z,1.981800029,0,22.80037357
2004-08-01T00:00:00Z,1.981800029,0,22.49260975
2004-08-02T00:00:00Z,1.981800029,0,21.55905644
2004-08-03T00:00:00Z,1.981800029,0,21.44091696
2004-08-04T00:00:00Z,1.981800029,0,21.38013053
2004-08-05T00:00:00Z,1.981800029,0,18.18787497
2004-08-06T00:00:00Z,1.981800029,0,15.06603022
2004-08-07T00:00:00Z,1.981800029,0,14.37217569
2004-08-08T00:00:00Z,1.981800029,0,14.39762081
2004-08-09T00:00:00Z,1.964736032,0,15.66075575
2004-08-10T00:00:00Z,1.964736032,0,18.23461323
2004-08-11T00:00:00Z,1.964736032,0,19.40628742
2004-08-12T00:00:00Z,1.964736032,0,19.67673495
2004-08-13T00:00:00Z,1.964736032,0,19.73026803
2004-08-14T00:00:00Z,1.964736032,0,19.31403833
2004-08-15T00:00:00Z,1.964736032,0,18.78559025
2004-08-16T00:00:00Z,1.964736032,0,16.43905228
2004-08-17T00:00:00Z,1.964736032,0,16.27740667
2004-08-18T00:00:00Z,1.964736032,0,18.31750002
2004-08-19T00:00:00Z,1.964736032,0,19.93803792
2004-08-20T00:00:00Z,1.964736032,0,20.59417104
2004-08-21T00:00:00Z,1.964736032,0,20.96219111
2004-08-22T00:00:00Z,1.964736032,0,14.49081459
2004-08-23T00:00:00Z,1.964736032,0,15.49175567
2004-08-24T00:00:00Z,1.964736032,0,17.36083376
2004-08-25T00:00:00Z,1.964736032,0,15.09493014
2004-08-26T00:00:00Z,1.964736032,0,16.01748282
2004-08-27T00:00:00Z,1.964736032,0,18.36573212
2004-08-28T00:00:00Z,1.964736032,0,22.19355528
2004-08-29T00:00:00Z,1.964736032,0,23.38742988
2004-08-30T00:00:00Z,1.964736032,0,22.67236993
2004-08-31T00:00:00Z,1.964736032,0,22.16125017
2004-09-01T00:00:00Z,1.964736032,0,17.98563949
2004-09-02T00:00:00Z,1.964736032,0,14.73428166
2004-09-03T00:00:00Z,1.947811161,0,16.71487687
2004-09-04T00:00:00Z,1.947811161,0,19.23551935
2004-09-05T00:00:00Z,1.947811161,0,17.01764889
2004-09-06T00:00:00Z,1.947811161,0,14.40045819
2004-09-07T00:00:00Z,1.947811161,0,15.77017133
2004-09-08T00:00:00Z,1.947811161,0,20.59591498
2004-09-09T00:00:00Z,1.947811161,0,18.73711284
2004-09-10T00:00:00Z,1.947811161,0,18.33597852
2004-09-11T00:00:00Z,1.947811161,0,14.83076897
2004-09-12T00:00:00Z,1.947811161,0,14.88552982
2004-09-13T00:00:00Z,1.947811161,0,18.04803344
2004-09-14T00:00:00Z,1.947811161,0,13.5653099
2004-09-15T00:00:00Z,1.947811161,0,13.91338755
2004-09-16T00:00:00Z,1.947811161,0,17.17708186
2004-09-17T00:00:00Z,1.947811161,0,18.54681803
2004-09-18T00:00:00Z,9.554214343,0,15.40898907
2004-09-19T00:00:00Z,1.964736032,0,10.15948806
2004-09-20T00:00:00Z,1.964736032,0,10.13048306
2004-09-21T00:00:00Z,1.964736032,0,14.24289317
2004-09-22T00:00:00Z,1.964736032,0,17.46614753
2004-09-23T00:00:00Z,1.964736032,0,18.20406672
2004-09-24T00:00:00Z,1.964736032,0,15.59991379
2004-09-25T00:00:00Z,1.964736032,0,16.81836277
2004-09-26T00:00:00Z,1.964736032,0,18.30836434
2004-09-27T00:00:00Z,1.964736032,0,15.38498326
2004-09-28T00:00:00Z,1.964736032,0,15.84084992
2004-09-29T00:00:00Z,1.964736032,0,14.90674382
2004-09-30T00:00:00Z,1.964736032,0,11.84398627
2004-10-01T00:00:00Z,1.964736032,0,12.78152779
2004-10-02T00:00:00Z,1.964736032,0,13.50498265
2004-10-03T00:00:00Z,1.964736032,0,13.22482102
2004-10-04T00:00:00Z,1.964736032,0,10.08093716
2004-10-05T00:00:00Z,1.947811161,0,10.62033479
2004-10-06T00:00:00Z,1.947811161,0,5.299521149
2004-10-07T00:00:00Z,1.947811161,0,10.0205936
2004-10-08T00:00:00Z,1.947811161,0,14.1151221
2004-10-09T00:00:00Z,1.947811161,0,15.31085132
2004-10-10T00:00:00Z,1.947811161,0,14.8023919
2004-10-11T00:00:00Z,1.947811161,0,10.29065018
2004-10-12T00:00:00Z,1.947811161,0,9.675277398
2004-10-13T00:00:00Z,1.947811161,0,9.120991954
2004-10-14T00:00:00Z,1.947811161,0,11.42357156
2004-10-15T00:00:00Z,1.947811161,0,11.00966752
2004-10-16T00:00:00Z,1.947811161,0,13.49276448
2004-10-17T00:00:00Z,1.947811161,0,9.737327809
2004-10-18T00:00:00Z,1.947811161,0,7.02296041
2004-10-19T00:00:00Z,1.947811161,0,7.557789136
2004-10-20T00:00:00Z,1.947811161,0,6.22386429
2004-10-21T00:00:00Z,1.947811161,0,5.292454446
2004-10-22T00:00:00Z,1.947811161,0,5.753667548
2004-10-23T00:00:00Z,1.947811161,0,6.606338002
2004-10-24T00:00:00Z,1.931023975,0,5.234692649
2004-10-25T00:00:00Z,1.931023975,0,6.7869047
2004-10-26T00:00:00Z,1.931023975,0,7.143014663
2004-10-27T00:00:00Z,1.931023975,0,7.330009878
2004-10-28T00:00:00Z,1.931023975,0,6.605123911
2004-10-29T00:00:00Z,1.931023975,0,5.436589961
2004-10-30T00:00:00Z,1.931023975,0,7.518503682
2004-10-31T00:00:00Z,1.931023975,0,12.71409371
2004-11-01T00:00:00Z,1.931023975,0,10.57407744
2004-11-02T00:00:00Z,1.914339141,0,6.210186018
2004-11-03T00:00:00Z,1.914339141,0,7.308659675
2004-11-04T00:00:00Z,1.914339141,0,2.820676863
2004-11-05T00:00:00Z,15.31033128,0,5.435155397
2004-11-06T00:00:00Z,1.914339141,0,4.275447514
2004-11-07T00:00:00Z,1.914339141,0,7.240617765
2004-11-08T00:00:00Z,1.914339141,0,8.352226992
2004-11-09T00:00:00Z,1.914339141,0,1.186364844
2004-11-10T00:00:00Z,1.914339141,0,0.992097097
2004-11-11T00:00:00Z,1.914339141,0,1.875473285
2004-11-12T00:00:00Z,1.914339141,0,2.837649184
2004-11-13T00:00:00Z,1.914339141,0,1.205209661
2004-11-14T00:00:00Z,1.914339141,0,0.992058947
2004-11-15T00:00:00Z,1.914339141,0,1.537225119
2004-11-16T00:00:00Z,1.914339141,0,2.855152241
2004-11-17T00:00:00Z,1.914339141,0,3.403846984
2004-11-18T00:00:00Z,1.914339141,0,6.091071511
2004-11-19T00:00:00Z,1.914339141,0,9.171285533
2004-11-20T00:00:00Z,1.897729181,0,4.959410654
2004-11-21T00:00:00Z,17.81559511,0,4.581990407
2004-11-22T00:00:00Z,1.897729181,0,5.976754564
2004-11-23T00:00:00Z,1.897729181,0,4.196158996
2004-11-24T00:00:00Z,1.897729181,0,4.292522424
2004-11-25T00:00:00Z,14.04315843,0,9.994761234
2004-11-26T00:00:00Z,1.914339141,0,4.426542294
2004-11-27T00:00:00Z,1.914339141,0,1.50301268
2004-11-28T00:00:00Z,1.914339141,0,4.446333001
2004-11-29T00:00:00Z,1.914339141,0,6.712228964
2004-11-30T00:00:00Z,1.914339141,0,2.380563819
2004-12-01T00:00:00Z,14.4925903,0,3.796894632
2004-12-02T00:00:00Z,1.931023975,0,4.323940695
2004-12-03T00:00:00Z,1.931023975,0,1.916652758
2004-12-04T00:00:00Z,1.931023975,0,0.997617303
2004-12-05T00:00:00Z,1.931023975,0,1.521567235
2004-12-06T00:00:00Z,1.931023975,0,0.992038571
2004-12-07T00:00:00Z,1.931023975,0,0.992097097
2004-12-08T00:00:00Z,1.931023975,0,2.406871078
2004-12-09T00:00:00Z,1.931023975,0,1.969322616
2004-12-10T00:00:00Z,1.931023975,0,2.172492781
2004-12-11T00:00:00Z,1.931023975,0,2.218350208
2004-12-12T00:00:00Z,1.931023975,0,2.483345282
2004-12-13T00:00:00Z,1.931023975,0,1.032183061
2004-12-14T00:00:00Z,1.931023975,0,0.994162482
2004-12-15T00:00:00Z,1.931023975,0,0.992097097
2004-12-16T00:00:00Z,1.931023975,0,0.992097097
2004-12-17T00:00:00Z,1.931023975,0,1.05957184
2004-12-18T00:00:00Z,1.914339141,0,0.992097097
2004-12-19T00:00:00Z,1.914339141,0,0.992094228
2004-12-20T00:00:00Z,1.914339141,0,0.992094228
2004-12-21T00:00:00Z,1.914339141,0,0.992097097
2004-12-22T00:00:00Z,1.914339141,0,0.992091485
2004-12-23T00:00:00Z,1.914339141,0,2.043246406
2004-12-24T00:00:00Z,14.28553415,0,3.370721707
2004-12-25T00:00:00Z,1.931023975,0,0.986288207
2004-12-26T00:00:00Z,1.931023975,0,0.992097097
2004-12-27T00:00:00Z,1.931023975,0,0.992097097
2004-12-28T00:00:00Z,1.931023975,0,0.992097097
2004-12-29T00:00:00Z,1.931023975,0,0.992097097
2004-12-30T00:00:00Z,1.914339141,0,0.992097097
2004-12-31T00:00:00Z,1.914339141,0,0.991868719
2005-01-01T00:00:00Z,1.914339141,0,3.962917262
2005-01-02T00:00:00Z,1.914339141,0,0.991455457
2005-01-03T00:00:00Z,1.914339141,0,1.365267166
2005-01-04T00:00:00Z,1.914339141,0,3.676952689
2005-01-05T00:00:00Z,1.914339141,0,0.999939923
2005-01-06T00:00:00Z,1.914339141,0,0.992097097
2005-01-07T00:00:00Z,1.914339141,0,0.992097097
2005-01-08T00:00:00Z,1.914339141,0,0.992097097
2005-01-09T00:00:00Z,1.914339141,0,0.992097097
2005-01-10T00:00:00Z,1.914339141,0,0.992049338
2005-01-11T00:00:00Z,1.914339141,0,0.992049338
2005-01-12T00:00:00Z,1.914339141,0,0.992097097
2005-01-13T00:00:00Z,1.914339141,0,1.128158193
2005-01-14T00:00:00Z,1.914339141,0,6.922000624
2005-01-15T00:00:00Z,1.914339141,0,0.984705324
2005-01-16T00:00:00Z,1.914339141,0,0.992097097
2005-01-17T00:00:00Z,1.914339141,0,0.992097097
2005-01-18T00:00:00Z,1.914339141,0,0.992097097
2005-01-19T00:00:00Z,1.914339141,0,0.992097097
2005-01-20T00:00:00Z,1.914339141,0,0.992097097
2005-01-21T00:00:00Z,1.897729181,0,0.992097097
2005-01-22T00:00:00Z,1.897729181,0,0.992097097
2005-01-23T00:00:00Z,1.897729181,0,0.992097097
2005-01-24T00:00:00Z,1.897729181,0,0.992097097
2005-01-25T00:00:00Z,1.897729181,0,0.992097097
2005-01-26T00:00:00Z,1.897729181,0,0.992097097
2005-01-27T00:00:00Z,1.897729181,0,0.992097097
2005-01-28T00:00:00Z,1.897729181,0,0.992097097
2005-01-29T00:00:00Z,1.897729181,0,0.992097097
2005-01-30T00:00:00Z,1.897729181,0,0.992097097
2005-01-31T00:00:00Z,1.881190002,0,0.992097097
2005-02-01T00:00:00Z,1.881190002,0,0.992097097
2005-02-02T00:00:00Z,1.881190002,0,0.992097097
2005-02-03T00:00:00Z,1.881190002,0,0.992097097
2005-02-04T00:00:00Z,1.881190002,0,0.992091215
2005-02-05T00:00:00Z,1.881190002,0,0.992059229
2005-02-06T00:00:00Z,1.881190002,0,1.000568115
2005-02-07T00:00:00Z,1.881190002,0,1.30511594
2005-02-08T00:00:00Z,1.864718324,0,3.011694619
2005-02-09T00:00:00Z,1.864718324,0,3.108134519
2005-02-10T00:00:00Z,1.864718324,0,2.59739276
2005-02-11T00:00:00Z,1.864718324,0,0.982350205
2005-02-12T00:00:00Z,1.864718324,0,0.992097097
2005-02-13T00:00:00Z,1.864718324,0,0.992097097
2005-02-14T00:00:00Z,1.864718324,0,0.992097097
2005-02-15T00:00:00Z,1.864718324,0,1.263281
2005-02-16T00:00:00Z,1.864718324,0,3.169005798
2005-02-17T00:00:00Z,1.864718324,0,1.994481495
2005-02-18T00:00:00Z,1.864718324,0,0.991900217
2005-02-19T00:00:00Z,1.864718324,0,0.992097097
2005-02-20T00:00:00Z,1.864718324,0,0.992097097
2005-02-21T00:00:00Z,1.864718324,0,0.992097097
2005-02-22T00:00:00Z,18.7388569,0,0.639061052
2005-02-23T00:00:00Z,1.881190002,0,0.992097097
2005-02-24T00:00:00Z,1.864718324,0,0.992097097
2005-02-25T00:00:00Z,18.64150468,0,0.639266792
2005-02-26T00:00:00Z,1.881190002,0,0.992097097
2005-02-27T00:00:00Z,1.864718324,0,0.992097097
2005-02-28T00:00:00Z,1.864718324,0,0.992097097
2005-03-01T00:00:00Z,16.99225024,0,0.643110524
2005-03-02T00:00:00Z,1.881190002,0,0.992097097
2005-03-03T00:00:00Z,1.881190002,0,0.992097097
2005-03-04T00:00:00Z,1.881190002,0,0.992097097
2005-03-05T00:00:00Z,1.881190002,0,0.992097097
2005-03-06T00:00:00Z,1.881190002,0,0.99205962
2005-03-07T00:00:00Z,1.864718324,0,1.179244316
2005-03-08T00:00:00Z,17.81995882,0,2.855995416
2005-03-09T00:00:00Z,1.881190002,0,0.989694738
2005-03-10T00:00:00Z,1.881190002,0,0.992097097
2005-03-11T00:00:00Z,1.881190002,0,0.992097097
2005-03-12T00:00:00Z,1.881190002,0,0.992097097
2005-03-13T00:00:00Z,1.881190002,0,0.992097097
2005-03-14T00:00:00Z,1.881190002,0,0.992097097
2005-03-15T00:00:00Z,1.881190002,0,0.992097097
2005-03-16T00:00:00Z,1.881190002,0,0.992097097
2005-03-17T00:00:00Z,1.881190002,0,0.992097097
2005-03-18T00:00:00Z,1.881190002,0,0.992097097
2005-03-19T00:00:00Z,1.881190002,0,0.992093361
2005-03-20T00:00:00Z,1.881190002,0,0.992061934
2005-03-21T00:00:00Z,1.881190002,0,1.004241813
2005-03-22T00:00:00Z,1.881190002,0,0.995947208
2005-03-23T00:00:00Z,1.881190002,0,1.492478843
2005-03-24T00:00:00Z,1.881190002,0,1.707771184
2005-03-25T00:00:00Z,1.881190002,0,1.861477672
2005-03-26T00:00:00Z,1.881190002,0,0.991792145
2005-03-27T00:00:00Z,1.881190002,0,0.998422707
2005-03-28T00:00:00Z,1.881190002,0,2.475140955
2005-03-29T00:00:00Z,1.881190002,0,3.260480175
2005-03-30T00:00:00Z,19.00322133,0,3.20547157
2005-03-31T00:00:00Z,1.897729181,0,6.177346772
2005-04-01T00:00:00Z,1.897729181,0,6.99121768
2005-04-02T00:00:00Z,16.59567371,0,6.137499922
2005-04-03T00:00:00Z,13.29298165,0,7.132258185
2005-04-04T00:00:00Z,18.51148944,0,5.780005701
2005-04-05T00:00:00Z,19.44915226,0,5.218481303
2005-04-06T00:00:00Z,1.964736032,0,9.015185521
2005-04-07T00:00:00Z,19.61165209,0,10.65055732
2005-04-08T00:00:00Z,1.981800029,0,10.12511756
2005-04-09T00:00:00Z,19.72467636,0,6.172963507
2005-04-10T00:00:00Z,1.998963464,0,8.668120673
2005-04-11T00:00:00Z,1.998963464,0,6.000691081
2005-04-12T00:00:00Z,1.998963464,0,2.268101638
2005-04-13T00:00:00Z,1.998963464,0,3.404322611
2005-04-14T00:00:00Z,1.998963464,0,5.667414607
2005-04-15T00:00:00Z,1.998963464,0,4.838951863
2005-04-16T00:00:00Z,1.998963464,0,7.101658094
2005-04-17T00:00:00Z,1.998963464,0,8.989503972
2005-04-18T00:00:00Z,1.998963464,0,11.51864932
2005-04-19T00:00:00Z,1.998963464,0,10.3885264
2005-04-20T00:00:00Z,1.998963464,0,15.42894506
2005-04-21T00:00:00Z,1.998963464,0,11.63407914
2005-04-22T00:00:00Z,1.998963464,0,5.524573152
2005-04-23T00:00:00Z,1.998963464,0,8.65461424
2005-04-24T00:00:00Z,1.998963464,0,12.00595512
2005-04-25T00:00:00Z,18.37550695,0,8.016678011
2005-04-26T00:00:00Z,2.01614411,0,7.271687328
2005-04-27T00:00:00Z,2.01614411,0,10.4809184
2005-04-28T00:00:00Z,2.01614411,0,8.819707837
2005-04-29T00:00:00Z,2.01614411,0,7.696420478
2005-04-30T00:00:00Z,2.01614411,0,9.964954906
2005-05-01T00:00:00Z,1.998963464,0,10.87473222
2005-05-02T00:00:00Z,1.998963464,0,8.061392267
2005-05-03T00:00:00Z,1.998963464,0,8.033271814
2005-05-04T00:00:00Z,1.998963464,0,7.385901012
2005-05-05T00:00:00Z,1.998963464,0,7.583311407
2005-05-06T00:00:00Z,1.998963464,0,9.243182547
2005-05-07T00:00:00Z,1.998963464,0,7.840738031
2005-05-08T00:00:00Z,1.998963464,0,7.117706403
2005-05-09T00:00:00Z,1.998963464,0,8.885855959
2005-05-10T00:00:00Z,1.998963464,0,13.62118395
2005-05-11T00:00:00Z,1.998963464,0,15.24607148
2005-05-12T00:00:00Z,1.998963464,0,14.55845783
2005-05-13T00:00:00Z,1.998963464,0,4.227452503
2005-05-14T00:00:00Z,1.981800029,0,8.511214418
2005-05-15T00:00:00Z,18.3947462,0,9.97917983
2005-05-16T00:00:00Z,1.998963464,0,9.463154726
2005-05-17T00:00:00Z,1.998963464,0,11.40754558
2005-05-18T00:00:00Z,1.998963464,0,10.34405598
2005-05-19T00:00:00Z,1.981800029,0,9.398213465
2005-05-20T00:00:00Z,1.981800029,0,12.22771607
2005-05-21T00:00:00Z,1.981800029,0,12.83764733
2005-05-22T00:00:00Z,16.20407862,0,8.367391677
2005-05-23T00:00:00Z,1.998963464,0,8.519553015
2005-05-24T00:00:00Z,1.998963464,0,8.672026673
2005-05-25T00:00:00Z,1.998963464,0,8.305822852
2005-05-26T00:00:00Z,1.998963464,0,8.994271197
2005-05-27T00:00:00Z,18.88111209,0,10.15437142
2005-05-28T00:00:00Z,2.01614411,0,13.34720757
2005-05-29T00:00:00Z,2.01614411,0,15.85242614
2005-05-30T00:00:00Z,2.01614411,0,14.35335008
2005-05-31T00:00:00Z,2.01614411,0,13.92519816
2005-06-01T00:00:00Z,2.01614411,0,13.51794365
2005-06-02T00:00:00Z,2.01614411,0,16.51104811
2005-06-03T00:00:00Z,2.01614411,0,18.52255597
2005-06-04T00:00:00Z,2.01614411,0,19.10072739
2005-06-05T00:00:00Z,2.01614411,0,20.69281623
2005-06-06T00:00:00Z,2.01614411,0,19.61757553
2005-06-07T00:00:00Z,2.01614411,0,20.47384595
2005-06-08T00:00:00Z,1.998963464,0,19.52226054
2005-06-09T00:00:00Z,1.998963464,0,20.92422549
2005-06-10T00:00:00Z,1.998963464,0,22.76255967
2005-06-11T00:00:00Z,1.998963464,0,23.04290309
2005-06-12T00:00:00Z,1.998963464,0,23.05425236
2005-06-13T00:00:00Z,1.998963464,0,23.74858583
2005-06-14T00:00:00Z,16.89019931,0,21.63931458
2005-06-15T00:00:00Z,2.01614411,0,15.72891449
2005-06-16T00:00:00Z,2.01614411,0,11.98544099
2005-06-17T00:00:00Z,2.01614411,0,13.4035738
2005-06-18T00:00:00Z,2.01614411,0,13.50794949
2005-06-19T00:00:00Z,2.01614411,0,13.28186048
2005-06-20T00:00:00Z,2.01614411,0,15.58437003
2005-06-21T00:00:00Z,2.01614411,0,18.27749349
2005-06-22T00:00:00Z,2.01614411,0,18.97605977
2005-06-23T00:00:00Z,2.01614411,0,14.12456107
2005-06-24T00:00:00Z,2.01614411,0,16.34528687
2005-06-25T00:00:00Z,1.998963464,0,21.24330424
2005-06-26T00:00:00Z,1.998963464,0,24.41738817
2005-06-27T00:00:00Z,1.998963464,0,23.63628553
2005-06-28T00:00:00Z,1.998963464,0,22.16342214
2005-06-29T00:00:00Z,1.998963464,0,21.10757249
2005-06-30T00:00:00Z,1.998963464,0,21.57333281
2005-07-01T00:00:00Z,1.998963464,0,19.65511498
2005-07-02T00:00:00Z,1.998963464,0,19.96247438
2005-07-03T00:00:00Z,1.998963464,0,15.8595615
2005-07-04T00:00:00Z,1.998963464,0,17.73174166
2005-07-05T00:00:00Z,1.998963464,0,19.33523007
2005-07-06T00:00:00Z,1.998963464,0,21.72980401
2005-07-07T00:00:00Z,1.998963464,0,17.12261468
2005-07-08T00:00:00Z,1.998963464,0,16.06755155
2005-07-09T00:00:00Z,1.998963464,0,13.96956331
2005-07-10T00:00:00Z,1.998963464,0,16.95336914
2005-07-11T00:00:00Z,1.998963464,0,21.76115503
2005-07-12T00:00:00Z,1.998963464,0,21.89933142
2005-07-13T00:00:00Z,1.998963464,0,20.47560986
2005-07-14T00:00:00Z,1.981800029,0,21.60021363
2005-07-15T00:00:00Z,1.981800029,0,22.89872724
2005-07-16T00:00:00Z,1.981800029,0,22.6660699
2005-07-17T00:00:00Z,1.981800029,0,22.70390692
2005-07-18T00:00:00Z,1.981800029,0,22.63845668
2005-07-19T00:00:00Z,1.981800029,0,22.90160402
2005-07-20T00:00:00Z,1.981800029,0,22.42857317
2005-07-21T00:00:00Z,1.981800029,0,21.3870425
2005-07-22T00:00:00Z,1.981800029,0,21.35055591
2005-07-23T00:00:00Z,1.981800029,0,20.016984
2005-07-24T00:00:00Z,1.981800029,0,17.48414794
2005-07-25T00:00:00Z,1.981800029,0,19.4512013
2005-07-26T00:00:00Z,1.981800029,0,21.91387814
2005-07-27T00:00:00Z,1.981800029,0,23.49083783
2005-07-28T00:00:00Z,1.981800029,0,18.53092162
2005-07-29T00:00:00Z,1.981800029,0,18.24830271
2005-07-30T00:00:00Z,1.981800029,0,19.06864634
2005-07-31T00:00:00Z,1.981800029,0,19.03177713
2005-08-01T00:00:00Z,1.964736032,0,18.24848865
2005-08-02T00:00:00Z,1.964736032,0,21.44624191
2005-08-03T00:00:00Z,1.964736032,0,21.67611871
2005-08-04T00:00:00Z,1.964736032,0,20.9630412
2005-08-05T00:00:00Z,1.964736032,0,21.95578285
2005-08-06T00:00:00Z,1.964736032,0,19.66166768
2005-08-07T00:00:00Z,1.964736032,0,19.86654337
2005-08-08T00:00:00Z,1.964736032,0,21.05072401
2005-08-09T00:00:00Z,1.964736032,0,22.87858675
2005-08-10T00:00:00Z,1.964736032,0,22.11644725
2005-08-11T00:00:00Z,1.964736032,0,22.52358857
2005-08-12T00:00:00Z,1.964736032,0,20.57418527
2005-08-13T00:00:00Z,1.964736032,0,22.65106746
2005-08-14T00:00:00Z,1.964736032,0,23.570936
2005-08-15T00:00:00Z,1.964736032,0,20.07247476
2005-08-16T00:00:00Z,1.964736032,0,18.40973793
2005-08-17T00:00:00Z,1.964736032,0,18.83699609
2005-08-18T00:00:00Z,1.964736032,0,15.82043052
2005-08-19T00:00:00Z,1.964736032,0,16.45778411
2005-08-20T00:00:00Z,1.964736032,0,17.62469662
2005-08-21T00:00:00Z,1.947811161,0,19.53162897
2005-08-22T00:00:00Z,1.947811161,0,19.80226567
2005-08-23T00:00:00Z,1.947811161,0,16.5753828
2005-08-24T00:00:00Z,1.947811161,0,16.16190471
2005-08-25T00:00:00Z,1.947811161,0,15.70103848
2005-08-26T00:00:00Z,1.947811161,0,17.77197609
2005-08-27T00:00:00Z,1.947811161,0,19.1919362
2005-08-28T00:00:00Z,1.947811161,0,19.04016495
2005-08-29T00:00:00Z,1.947811161,0,19.06505498
2005-08-30T00:00:00Z,1.947811161,0,21.15184574
2005-08-31T00:00:00Z,1.947811161,0,20.65503313
2005-09-01T00:00:00Z,14.93056591,0,18.86805729
2005-09-02T00:00:00Z,1.964736032,0,18.64737519
2005-09-03T00:00:00Z,1.964736032,0,18.53596206
2005-09-04T00:00:00Z,1.964736032,0,16.6638562
2005-09-05T00:00:00Z,1.964736032,0,14.86245373
2005-09-06T00:00:00Z,1.964736032,0,16.92268324
2005-09-07T00:00:00Z,1.947811161,0,17.19086515
2005-09-08T00:00:00Z,1.947811161,0,18.42645115
2005-09-09T00:00:00Z,1.947811161,0,18.15490197
2005-09-10T00:00:00Z,1.947811161,0,13.94935518
2005-09-11T00:00:00Z,1.947811161,0,11.79145915
2005-09-12T00:00:00Z,1.947811161,0,16.47454144
2005-09-13T00:00:00Z,1.947811161,0,21.13416279
2005-09-14T00:00:00Z,1.947811161,0,20.99201605
2005-09-15T00:00:00Z,1.947811161,0,21.57859573
2005-09-16T00:00:00Z,1.947811161,0,19.24243562
2005-09-17T00:00:00Z,1.947811161,0,17.20153324
2005-09-18T00:00:00Z,1.947811161,0,17.57462363
2005-09-19T00:00:00Z,1.947811161,0,15.96803323
2005-09-20T00:00:00Z,1.947811161,0,18.40629923
2005-09-21T00:00:00Z,1.947811161,0,17.53976209
2005-09-22T00:00:00Z,1.947811161,0,17.81070891
2005-09-23T00:00:00Z,1.947811161,0,18.07368901
2005-09-24T00:00:00Z,1.947811161,0,12.57557155
2005-09-25T00:00:00Z,1.947811161,0,11.31316542
2005-09-26T00:00:00Z,1.947811161,0,15.34537213
2005-09-27T00:00:00Z,1.947811161,0,17.04109388
2005-09-28T00:00:00Z,1.947811161,0,12.1114194
2005-09-29T00:00:00Z,1.947811161,0,14.46282586
2005-09-30T00:00:00Z,1.947811161,0,10.18416272
2005-10-01T00:00:00Z,1.947811161,0,10.94502824
2005-10-02T00:00:00Z,1.947811161,0,13.79184852
2005-10-03T00:00:00Z,1.947811161,0,16.02754563
2005-10-04T00:00:00Z,1.947811161,0,15.84913653
2005-10-05T00:00:00Z,1.947811161,0,17.22627307
2005-10-06T00:00:00Z,1.931023975,0,17.60024479
2005-10-07T00:00:00Z,1.931023975,0,19.25663661
2005-10-08T00:00:00Z,1.931023975,0,20.15355585
2005-10-09T00:00:00Z,34.11447016,0,14.77451231
2005-10-10T00:00:00Z,38.41022214,0,9.98535801
2005-10-11T00:00:00Z,19.22185776,0,11.35045606
2005-10-12T00:00:00Z,2.033346068,0,11.50026961
2005-10-13T00:00:00Z,2.01614411,0,10.3646098
2005-10-14T00:00:00Z,2.01614411,0,12.38835372
2005-10-15T00:00:00Z,2.01614411,0,14.27540366
2005-10-16T00:00:00Z,16.31315773,0,9.223222678
2005-10-17T00:00:00Z,2.033346068,0,8.834800199
2005-10-18T00:00:00Z,2.033346068,0,8.820972151
2005-10-19T00:00:00Z,2.01614411,0,9.666991553
2005-10-20T00:00:00Z,2.01614411,0,9.037955975
2005-10-21T00:00:00Z,1.998963464,0,6.172648238
2005-10-22T00:00:00Z,1.998963464,0,5.032374859
2005-10-23T00:00:00Z,1.981800029,0,6.286895074
2005-10-24T00:00:00Z,1.981800029,0,6.69180727
2005-10-25T00:00:00Z,1.981800029,0,7.239668661
2005-10-26T00:00:00Z,14.9476773,0,4.263475776
2005-10-27T00:00:00Z,1.998963464,0,4.37536946
2005-10-28T00:00:00Z,1.998963464,0,3.757769376
2005-10-29T00:00:00Z,1.998963464,0,4.127624704
2005-10-30T00:00:00Z,1.981800029,0,4.661468647
2005-10-31T00:00:00Z,1.981800029,0,8.800650485
2005-11-01T00:00:00Z,1.964736032,0,10.94774273
2005-11-02T00:00:00Z,1.964736032,0,11.32075808
2005-11-03T00:00:00Z,1.964736032,0,4.944039253
2005-11-04T00:00:00Z,1.947811161,0,9.616055521
2005-11-05T00:00:00Z,1.947811161,0,9.344499521
2005-11-06T00:00:00Z,1.947811161,0,12.0645032
2005-11-07T00:00:00Z,1.947811161,0,11.78123823
2005-11-08T00:00:00Z,1.931023975,0,6.9831813
2005-11-09T00:00:00Z,1.931023975,0,3.89000739
2005-11-10T00:00:00Z,1.931023975,0,6.944105822
2005-11-11T00:00:00Z,1.931023975,0,2.70908802
2005-11-12T00:00:00Z,1.931023975,0,1.015076188
2005-11-13T00:00:00Z,1.931023975,0,4.263954496
2005-11-14T00:00:00Z,1.931023975,0,8.982465088
2005-11-15T00:00:00Z,1.931023975,0,5.047630338
2005-11-16T00:00:00Z,1.931023975,0,8.37029349
2005-11-17T00:00:00Z,1.931023975,0,10.99227883
2005-11-18T00:00:00Z,1.931023975,0,2.094358686
2005-11-19T00:00:00Z,1.931023975,0,0.992070119
2005-11-20T00:00:00Z,1.931023975,0,2.101195625
2005-11-21T00:00:00Z,1.931023975,0,4.140652894
2005-11-22T00:00:00Z,1.931023975,0,6.10033409
2005-11-23T00:00:00Z,1.931023975,0,1.309960613
2005-11-24T00:00:00Z,1.931023975,0,0.992097097
2005-11-25T00:00:00Z,1.931023975,0,0.992097097
2005-11-26T00:00:00Z,1.931023975,0,0.992097097
2005-11-27T00:00:00Z,1.931023975,0,0.993469459
2005-11-28T00:00:00Z,18.97339296,0,1.971637
2005-11-29T00:00:00Z,1.947811161,0,5.908554361
2005-11-30T00:00:00Z,1.947811161,0,11.75242785
2005-12-01T00:00:00Z,1.947811161,0,7.973388539
2005-12-02T00:00:00Z,19.42878234,0,2.395004565
2005-12-03T00:00:00Z,1.947811161,0,0.995979499
2005-12-04T00:00:00Z,1.947811161,0,0.992097097
2005-12-05T00:00:00Z,1.947811161,0,0.992097097
2005-12-06T00:00:00Z,1.947811161,0,0.992097097
2005-12-07T00:00:00Z,1.947811161,0,0.992097097
2005-12-08T00:00:00Z,1.947811161,0,0.992097097
2005-12-09T00:00:00Z,1.947811161,0,0.992097097
2005-12-10T00:00:00Z,1.931023975,0,0.992097097
2005-12-11T00:00:00Z,1.931023975,0,0.992097097
2005-12-12T00:00:00Z,1.931023975,0,0.992097097
2005-12-13T00:00:00Z,1.931023975,0,0.992097097
2005-12-14T00:00:00Z,1.931023975,0,0.992097097
2005-12-15T00:00:00Z,1.914339141,0,0.992097097
2005-12-16T00:00:00Z,16.3607506,0,0.645925584
2005-12-17T00:00:00Z,1.914339141,0,0.991608214
2005-12-18T00:00:00Z,1.914339141,0,0.992097097
2005-12-19T00:00:00Z,1.914339141,0,0.992097097
2005-12-20T00:00:00Z,1.914339141,0,0.992097097
2005-12-21T00:00:00Z,1.914339141,0,0.992097097
2005-12-22T00:00:00Z,1.914339141,0,0.992097097
2005-12-23T00:00:00Z,1.897729181,0,0.992074135
2005-12-24T00:00:00Z,1.897729181,0,1.750273704
2005-12-25T00:00:00Z,1.897729181,0,1.350922567
2005-12-26T00:00:00Z,14.8087359,0,2.87073324
2005-12-27T00:00:00Z,1.914339141,0,0.983884423
2005-12-28T00:00:00Z,1.914339141,0,0.991773121
2005-12-29T00:00:00Z,1.914339141,0,2.503317906
2005-12-30T00:00:00Z,1.914339141,0,3.776671291
2005-12-31T00:00:00Z,1.914339141,0,0.990359329
2006-01-01T00:00:00Z,1.914339141,0,0.992097097
2006-01-02T00:00:00Z,1.914339141,0,0.992096422
2006-01-03T00:00:00Z,1.914339141,0,1.019426906
2006-01-04T00:00:00Z,1.914339141,0,0.992097097
2006-01-05T00:00:00Z,1.914339141,0,0.992097097
2006-01-06T00:00:00Z,1.914339141,0,1.005311348
2006-01-07T00:00:00Z,1.914339141,0,0.992097097
2006-01-08T00:00:00Z,1.914339141,0,0.992097097
2006-01-09T00:00:00Z,1.914339141,0,0.992085579
2006-01-10T00:00:00Z,1.914339141,0,1.851550288
2006-01-11T00:00:00Z,1.914339141,0,0.997140448
2006-01-12T00:00:00Z,1.914339141,0,4.287765822
2006-01-13T00:00:00Z,1.914339141,0,3.214427764
2006-01-14T00:00:00Z,1.914339141,0,5.512348706
2006-01-15T00:00:00Z,1.914339141,0,1.699518434
2006-01-16T00:00:00Z,19.09634393,0,0.639252702
2006-01-17T00:00:00Z,1.931023975,0,0.992097097
2006-01-18T00:00:00Z,1.914339141,0,1.00690671
2006-01-19T00:00:00Z,34.69846691,0,2.650424548
2006-01-20T00:00:00Z,1.947811161,0,1.91292124
2006-01-21T00:00:00Z,1.947811161,0,5.775257006
2006-01-22T00:00:00Z,1.947811161,0,2.310005148
2006-01-23T00:00:00Z,1.947811161,0,0.992015992
2006-01-24T00:00:00Z,1.947811161,0,0.992097097
2006-01-25T00:00:00Z,1.947811161,0,0.995471707
2006-01-26T00:00:00Z,1.947811161,0,0.994099835
2006-01-27T00:00:00Z,1.947811161,0,0.992097097
2006-01-28T00:00:00Z,1.931023975,0,0.992036491
2006-01-29T00:00:00Z,1.931023975,0,1.643707935
2006-01-30T00:00:00Z,1.931023975,0,2.419815127
2006-01-31T00:00:00Z,1.931023975,0,1.474787952
2006-02-01T00:00:00Z,1.931023975,0,1.031374325
2006-02-02T00:00:00Z,1.931023975,0,0.998582411
2006-02-03T00:00:00Z,1.931023975,0,2.091553618
2006-02-04T00:00:00Z,1.931023975,0,4.118868328
2006-02-05T00:00:00Z,1.931023975,0,5.853793454
2006-02-06T00:00:00Z,1.931023975,0,3.82598495
2006-02-07T00:00:00Z,1.931023975,0,0.99181894
2006-02-08T00:00:00Z,1.931023975,0,0.992097097
2006-02-09T00:00:00Z,1.931023975,0,0.992097097
2006-02-10T00:00:00Z,1.931023975,0,0.992097097
2006-02-11T00:00:00Z,1.931023975,0,0.992097097
2006-02-12T00:00:00Z,1.931023975,0,0.992097097
2006-02-13T00:00:00Z,1.931023975,0,0.992097097
2006-02-14T00:00:00Z,1.914339141,0,0.992097097
2006-02-15T00:00:00Z,1.914339141,0,0.997967091
2006-02-16T00:00:00Z,1.914339141,0,3.588721262
2006-02-17T00:00:00Z,1.914339141,0,4.336050878
2006-02-18T00:00:00Z,1.914339141,0,0.989844766
2006-02-19T00:00:00Z,1.914339141,0,0.992097097
2006-02-20T00:00:00Z,1.914339141,0,0.992097097
2006-02-21T00:00:00Z,1.914339141,0,0.992097097
2006-02-22T00:00:00Z,1.914339141,0,0.992097097
2006-02-23T00:00:00Z,1.897729181,0,0.993289241
2006-02-24T00:00:00Z,1.897729181,0,0.992972969
2006-02-25T00:00:00Z,1.897729181,0,0.992097097
2006-02-26T00:00:00Z,1.897729181,0,0.992097097
2006-02-27T00:00:00Z,1.897729181,0,0.992097097
2006-02-28T00:00:00Z,1.897729181,0,0.992097097
2006-03-01T00:00:00Z,1.897729181,0,0.992097097
2006-03-02T00:00:00Z,1.897729181,0,0.992097097
2006-03-03T00:00:00Z,1.897729181,0,0.992097097
2006-03-04T00:00:00Z,1.897729181,0,0.992097097
2006-03-05T00:00:00Z,1.897729181,0,0.992097097
2006-03-06T00:00:00Z,1.881190002,0,0.992097097
2006-03-07T00:00:00Z,1.881190002,0,0.992097097
2006-03-08T00:00:00Z,1.881190002,0,0.992097097
2006-03-09T00:00:00Z,1.881190002,0,1.000616005
2006-03-10T00:00:00Z,1.881190002,0,3.250797003
2006-03-11T00:00:00Z,1.881190002,0,6.327589249
2006-03-12T00:00:00Z,1.881190002,0,4.624772751
2006-03-13T00:00:00Z,1.881190002,0,7.891473871
2006-03-14T00:00:00Z,1.881190002,0,8.485878351
2006-03-15T00:00:00Z,18.97747209,0,2.587101912
2006-03-16T00:00:00Z,1.897729181,0,0.992045242
2006-03-17T00:00:00Z,1.897729181,0,0.992097097
2006-03-18T00:00:00Z,1.897729181,0,0.992097097
2006-03-19T00:00:00Z,1.897729181,0,0.992097097
2006-03-20T00:00:00Z,1.897729181,0,0.992097097
2006-03-21T00:00:00Z,1.897729181,0,0.99208302
2006-03-22T00:00:00Z,1.897729181,0,0.993555946
2006-03-23T00:00:00Z,1.897729181,0,0.997589492
2006-03-24T00:00:00Z,1.881190002,0,3.034006708
2006-03-25T00:00:00Z,1.881190002,0,2.933778189
2006-03-26T00:00:00Z,1.881190002,0,3.409613584
2006-03-27T00:00:00Z,1.881190002,0,2.34705875
2006-03-28T00:00:00Z,1.881190002,0,2.802310032
2006-03-29T00:00:00Z,1.881190002,0,5.716867639
2006-03-30T00:00:00Z,1.881190002,0,7.123805799
2006-03-31T00:00:00Z,1.881190002,0,8.274635462
2006-04-01T00:00:00Z,18.99755763,0,9.09047582
2006-04-02T00:00:00Z,1.897729181,0,5.800854804
2006-04-03T00:00:00Z,1.897729181,0,3.272241958
2006-04-04T00:00:00Z,1.897729181,0,4.502987643
2006-04-05T00:00:00Z,1.897729181,0,2.077392387
2006-04-06T00:00:00Z,19.08908396,0,2.977106963
2006-04-07T00:00:00Z,1.914339141,0,5.112786079
2006-04-08T00:00:00Z,1.914339141,0,6.76785181
2006-04-09T00:00:00Z,1.914339141,0,2.841958145
2006-04-10T00:00:00Z,1.914339141,0,4.29800201
2006-04-11T00:00:00Z,1.914339141,0,7.44873628
2006-04-12T00:00:00Z,1.914339141,0,9.752999284
2006-04-13T00:00:00Z,19.12166299,0,12.24806716
2006-04-14T00:00:00Z,1.931023975,0,10.89226914
2006-04-15T00:00:00Z,1.931023975,0,12.73087993
2006-04-16T00:00:00Z,1.931023975,0,11.29499657
2006-04-17T00:00:00Z,1.931023975,0,6.867422846
2006-04-18T00:00:00Z,1.931023975,0,8.122750486
2006-04-19T00:00:00Z,1.931023975,0,10.81444736
2006-04-20T00:00:00Z,1.931023975,0,11.56497435
2006-04-21T00:00:00Z,1.931023975,0,10.4098499
2006-04-22T00:00:00Z,1.931023975,0,7.344779598
2006-04-23T00:00:00Z,1.931023975,0,6.499078185
2006-04-24T00:00:00Z,1.931023975,0,6.097812747
2006-04-25T00:00:00Z,19.06038394,0,9.18364634
2006-04-26T00:00:00Z,1.947811161,0,6.151804802
2006-04-27T00:00:00Z,1.947811161,0,8.058997361
2006-04-28T00:00:00Z,1.947811161,0,6.250873726
2006-04-29T00:00:00Z,1.947811161,0,5.886940419
2006-04-30T00:00:00Z,1.947811161,0,8.321236282
2006-05-01T00:00:00Z,1.947811161,0,10.25675357
2006-05-02T00:00:00Z,1.947811161,0,7.929170602
2006-05-03T00:00:00Z,1.947811161,0,8.591768843
2006-05-04T00:00:00Z,19.4230557,0,11.71318148
2006-05-05T00:00:00Z,1.964736032,0,16.36330774
2006-05-06T00:00:00Z,1.964736032,0,13.35099468
2006-05-07T00:00:00Z,1.964736032,0,8.317264186
2006-05-08T00:00:00Z,1.964736032,0,10.16549486
2006-05-09T00:00:00Z,1.964736032,0,11.07268271
2006-05-10T00:00:00Z,1.964736032,0,11.04952098
2006-05-11T00:00:00Z,1.964736032,0,12.38263525
2006-05-12T00:00:00Z,1.964736032,0,12.17253524
2006-05-13T00:00:00Z,1.964736032,0,10.63950433
2006-05-14T00:00:00Z,43.36938077,0,8.153764793
2006-05-15T00:00:00Z,51.08026037,0,8.463469489
2006-05-16T00:00:00Z,17.81027448,0,8.551201931
2006-05-17T00:00:00Z,2.085067341,0,12.13667396
2006-05-18T00:00:00Z,2.085067341,0,13.55355475
2006-05-19T00:00:00Z,2.067806045,0,14.88354565
2006-05-20T00:00:00Z,17.90928129,0,11.09005761
2006-05-21T00:00:00Z,2.067806045,0,11.41590549
2006-05-22T00:00:00Z,2.067806045,0,8.668568386
2006-05-23T00:00:00Z,2.050566185,0,7.22238218
2006-05-24T00:00:00Z,2.033346068,0,9.555737341
2006-05-25T00:00:00Z,2.033346068,0,12.9383908
2006-05-26T00:00:00Z,2.01614411,0,16.43197062
2006-05-27T00:00:00Z,2.01614411,0,18.52070387
2006-05-28T00:00:00Z,1.998963464,0,17.48700573
2006-05-29T00:00:00Z,1.998963464,0,18.38176675
2006-05-30T00:00:00Z,1.998963464,0,20.13092454
2006-05-31T00:00:00Z,1.981800029,0,17.5869521
2006-06-01T00:00:00Z,1.981800029,0,21.75950785
2006-06-02T00:00:00Z,1.981800029,0,19.58908115
2006-06-03T00:00:00Z,1.981800029,0,16.03275218
2006-06-04T00:00:00Z,1.981800029,0,12.50428856
2006-06-05T00:00:00Z,1.981800029,0,12.11854543
2006-06-06T00:00:00Z,1.981800029,0,14.72296926
2006-06-07T00:00:00Z,1.981800029,0,15.01634273
2006-06-08T00:00:00Z,13.86773325,0,12.42195032
2006-06-09T00:00:00Z,1.998963464,0,13.54944938
2006-06-10T00:00:00Z,32.76782306,0,12.83089463
2006-06-11T00:00:00Z,18.11522346,0,9.914790075
2006-06-12T00:00:00Z,2.050566185,0,14.29526448
2006-06-13T00:00:00Z,2.033346068,0,17.85281879
2006-06-14T00:00:00Z,2.033346068,0,18.91225187
2006-06-15T00:00:00Z,2.01614411,0,17.34504017
2006-06-16T00:00:00Z,2.01614411,0,16.27473916
2006-06-17T00:00:00Z,2.01614411,0,18.11864531
2006-06-18T00:00:00Z,1.998963464,0,19.49318704
2006-06-19T00:00:00Z,1.998963464,0,24.40897632
2006-06-20T00:00:00Z,1.998963464,0,21.73406839
2006-06-21T00:00:00Z,1.998963464,0,17.76774784
2006-06-22T00:00:00Z,1.998963464,0,18.85913968
2006-06-23T00:00:00Z,1.998963464,0,21.7166895
2006-06-24T00:00:00Z,1.998963464,0,20.27449681
2006-06-25T00:00:00Z,1.998963464,0,19.24936683
2006-06-26T00:00:00Z,1.998963464,0,19.48961691
2006-06-27T00:00:00Z,1.998963464,0,20.2093949
2006-06-28T00:00:00Z,1.998963464,0,20.60013044
2006-06-29T00:00:00Z,18.18447546,0,19.41860757
2006-06-30T00:00:00Z,2.01614411,0,20.28589469
2006-07-01T00:00:00Z,2.01614411,0,16.96633915
2006-07-02T00:00:00Z,1.998963464,0,20.16055352
2006-07-03T00:00:00Z,1.998963464,0,21.00805617
2006-07-04T00:00:00Z,1.998963464,0,20.83864876
2006-07-05T00:00:00Z,1.998963464,0,21.47136334
2006-07-06T00:00:00Z,1.998963464,0,18.83173041
2006-07-07T00:00:00Z,1.998963464,0,17.26089443
2006-07-08T00:00:00Z,1.981800029,0,20.02746873
2006-07-09T00:00:00Z,1.981800029,0,20.42753243
2006-07-10T00:00:00Z,1.981800029,0,21.14366833
2006-07-11T00:00:00Z,1.981800029,0,20.98341199
2006-07-12T00:00:00Z,1.981800029,0,21.60320946
2006-07-13T00:00:00Z,7.284207881,0,18.76471187
2006-07-14T00:00:00Z,19.74209563,0,19.53691462
2006-07-15T00:00:00Z,2.01614411,0,23.51409479
2006-07-16T00:00:00Z,1.998963464,0,23.39564886
2006-07-17T00:00:00Z,1.998963464,0,23.72267812
2006-07-18T00:00:00Z,1.998963464,0,24.92188623
2006-07-19T00:00:00Z,1.998963464,0,21.34724092
2006-07-20T00:00:00Z,1.981800029,0,19.8803246
2006-07-21T00:00:00Z,1.981800029,0,20.6854354
2006-07-22T00:00:00Z,1.981800029,0,21.56604998
2006-07-23T00:00:00Z,30.08800335,0,17.10903204
2006-07-24T00:00:00Z,2.01614411,0,17.13286144
2006-07-25T00:00:00Z,2.01614411,0,19.55289341
2006-07-26T00:00:00Z,2.01614411,0,21.98939922
2006-07-27T00:00:00Z,1.998963464,0,22.80101898
2006-07-28T00:00:00Z,1.998963464,0,23.37452226
2006-07-29T00:00:00Z,1.998963464,0,21.46308289
2006-07-30T00:00:00Z,1.998963464,0,21.30261773
2006-07-31T00:00:00Z,1.981800029,0,18.37190848
2006-08-01T00:00:00Z,1.981800029,0,22.20937948
2006-08-02T00:00:00Z,1.981800029,0,25.96323912
2006-08-03T00:00:00Z,1.981800029,0,25.17394327
2006-08-04T00:00:00Z,1.981800029,0,21.77006668
2006-08-05T00:00:00Z,1.981800029,0,20.25521986
2006-08-06T00:00:00Z,1.981800029,0,17.29665537
2006-08-07T00:00:00Z,1.981800029,0,19.00307864
2006-08-08T00:00:00Z,1.981800029,0,21.05604699
2006-08-09T00:00:00Z,1.981800029,0,16.71294542
2006-08-10T00:00:00Z,1.964736032,0,18.18400726
2006-08-11T00:00:00Z,1.964736032,0,16.34043411
2006-08-12T00:00:00Z,1.964736032,0,14.02699403
2006-08-13T00:00:00Z,1.964736032,0,14.09910823
2006-08-14T00:00:00Z,1.964736032,0,15.29222285
2006-08-15T00:00:00Z,1.964736032,0,19.22252141
2006-08-16T00:00:00Z,1.964736032,0,19.19122865
2006-08-17T00:00:00Z,1.964736032,0,17.56150207
2006-08-18T00:00:00Z,1.947811161,0,19.05374311
2006-08-19T00:00:00Z,1.947811161,0,20.35657052
2006-08-20T00:00:00Z,15.29184396,0,18.67802705
2006-08-21T00:00:00Z,1.964736032,0,15.33269921
2006-08-22T00:00:00Z,1.964736032,0,17.68117806
2006-08-23T00:00:00Z,1.964736032,0,19.03885524
2006-08-24T00:00:00Z,1.964736032,0,15.07465656
2006-08-25T00:00:00Z,1.964736032,0,15.35917314
2006-08-26T00:00:00Z,1.947811161,0,15.04267222
2006-08-27T00:00:00Z,1.947811161,0,15.63242035
2006-08-28T00:00:00Z,18.68024546,0,12.02015353
2006-08-29T00:00:00Z,1.964736032,0,17.02478381
2006-08-30T00:00:00Z,1.947811161,0,17.30709915
2006-08-31T00:00:00Z,1.947811161,0,14.57682108
2006-09-01T00:00:00Z,1.947811161,0,14.59825512
2006-09-02T00:00:00Z,1.947811161,0,15.01807111
2006-09-03T00:00:00Z,1.947811161,0,13.68234351
2006-09-04T00:00:00Z,1.947811161,0,14.63273738
2006-09-05T00:00:00Z,1.947811161,0,16.43802136
2006-09-06T00:00:00Z,1.947811161,0,17.29998183
2006-09-07T00:00:00Z,1.947811161,0,16.56145535
2006-09-08T00:00:00Z,1.947811161,0,17.21881949
2006-09-09T00:00:00Z,1.947811161,0,18.54809138
2006-09-10T00:00:00Z,1.947811161,0,15.79283453
2006-09-11T00:00:00Z,1.947811161,0,12.20615049
2006-09-12T00:00:00Z,1.947811161,0,10.53687296
2006-09-13T00:00:00Z,1.947811161,0,12.40385762
2006-09-14T00:00:00Z,1.947811161,0,14.2260942
2006-09-15T00:00:00Z,1.947811161,0,16.40014455
2006-09-16T00:00:00Z,1.947811161,0,17.1986634
2006-09-17T00:00:00Z,1.947811161,0,18.30170241
2006-09-18T00:00:00Z,1.947811161,0,19.24859469
2006-09-19T00:00:00Z,1.947811161,0,18.99454061
2006-09-20T00:00:00Z,1.947811161,0,16.60874322
2006-09-21T00:00:00Z,1.947811161,0,11.83953554
2006-09-22T00:00:00Z,1.947811161,0,10.50374629
2006-09-23T00:00:00Z,1.947811161,0,13.22493464
2006-09-24T00:00:00Z,1.947811161,0,17.29376016
2006-09-25T00:00:00Z,1.947811161,0,15.30236204
2006-09-26T00:00:00Z,1.947811161,0,13.0658117
2006-09-27T00:00:00Z,1.947811161,0,12.23399081
2006-09-28T00:00:00Z,1.947811161,0,14.1721102
2006-09-29T00:00:00Z,1.947811161,0,14.13069356
2006-09-30T00:00:00Z,1.947811161,0,8.239037077
2006-10-01T00:00:00Z,1.947811161,0,11.43715963
2006-10-02T00:00:00Z,1.947811161,0,11.38943364
2006-10-03T00:00:00Z,1.947811161,0,11.88501776
2006-10-04T00:00:00Z,1.947811161,0,17.24428629
2006-10-05T00:00:00Z,1.947811161,0,15.02870793
2006-10-06T00:00:00Z,1.947811161,0,9.276700482
2006-10-07T00:00:00Z,1.947811161,0,7.664144677
2006-10-08T00:00:00Z,1.947811161,0,9.151540739
2006-10-09T00:00:00Z,1.947811161,0,12.54205121
2006-10-10T00:00:00Z,1.947811161,0,14.28535772
2006-10-11T00:00:00Z,1.947811161,0,12.93913767
2006-10-12T00:00:00Z,12.49647602,0,13.72059991
2006-10-13T00:00:00Z,1.964736032,0,11.34139187
2006-10-14T00:00:00Z,1.964736032,0,5.514086926
2006-10-15T00:00:00Z,1.964736032,0,6.307870919
2006-10-16T00:00:00Z,1.964736032,0,7.512542082
2006-10-17T00:00:00Z,1.964736032,0,7.975120842
2006-10-18T00:00:00Z,1.964736032,0,10.5378425
2006-10-19T00:00:00Z,1.964736032,0,12.33873765
2006-10-20T00:00:00Z,1.964736032,0,14.24027075
2006-10-21T00:00:00Z,1.964736032,0,8.063116459
2006-10-22T00:00:00Z,1.964736032,0,3.828920428
2006-10-23T00:00:00Z,1.964736032,0,7.429029946
2006-10-24T00:00:00Z,1.964736032,0,6.799998897
2006-10-25T00:00:00Z,1.964736032,0,5.9357639
2006-10-26T00:00:00Z,1.947811161,0,5.582618471
2006-10-27T00:00:00Z,1.947811161,0,3.783799845
2006-10-28T00:00:00Z,1.947811161,0,5.640956962
2006-10-29T00:00:00Z,16.33399596,0,7.634089945
2006-10-30T00:00:00Z,1.964736032,0,5.379818186
2006-10-31T00:00:00Z,1.964736032,0,5.386681498
2006-11-01T00:00:00Z,1.964736032,0,12.80151789
2006-11-02T00:00:00Z,1.964736032,0,9.432435216
2006-11-03T00:00:00Z,1.964736032,0,4.295705609
2006-11-04T00:00:00Z,1.947811161,0,2.798906463
2006-11-05T00:00:00Z,1.947811161,0,2.493453851
2006-11-06T00:00:00Z,1.947811161,0,3.750646689
2006-11-07T00:00:00Z,1.931023975,0,5.993516641
2006-11-08T00:00:00Z,1.931023975,0,9.560794464
2006-11-09T00:00:00Z,13.49082238,0,12.38406565
2006-11-10T00:00:00Z,1.947811161,0,12.55094708
2006-11-11T00:00:00Z,1.947811161,0,6.833494124
2006-11-12T00:00:00Z,1.947811161,0,11.42372546
2006-11-13T00:00:00Z,1.947811161,0,11.45990329
2006-11-14T00:00:00Z,1.947811161,0,10.3612457
2006-11-15T00:00:00Z,1.947811161,0,10.95378349
2006-11-16T00:00:00Z,1.947811161,0,12.63072051
2006-11-17T00:00:00Z,15.72049618,0,15.25637971
2006-11-18T00:00:00Z,1.964736032,0,9.39899841
2006-11-19T00:00:00Z,1.964736032,0,5.387785568
2006-11-20T00:00:00Z,1.947811161,0,3.729790121
2006-11-21T00:00:00Z,1.947811161,0,1.223853808
2006-11-22T00:00:00Z,1.947811161,0,1.38799827
2006-11-23T00:00:00Z,1.947811161,0,1.719840702
2006-11-24T00:00:00Z,1.947811161,0,3.35030139
2006-11-25T00:00:00Z,1.931023975,0,2.355257344
2006-11-26T00:00:00Z,1.931023975,0,3.195244923
2006-11-27T00:00:00Z,1.931023975,0,6.7973381
2006-11-28T00:00:00Z,1.931023975,0,8.808135844
2006-11-29T00:00:00Z,1.931023975,0,4.736174374
2006-11-30T00:00:00Z,1.931023975,0,9.294961675
2006-12-01T00:00:00Z,1.931023975,0,14.44504606
2006-12-02T00:00:00Z,1.931023975,0,10.51267196
2006-12-03T00:00:00Z,1.931023975,0,1.690243879
2006-12-04T00:00:00Z,1.931023975,0,2.218177158
2006-12-05T00:00:00Z,1.931023975,0,0.992097097
2006-12-06T00:00:00Z,1.931023975,0,0.992085765
2006-12-07T00:00:00Z,1.914339141,0,3.003518886
2006-12-08T00:00:00Z,1.914339141,0,0.99235231
2006-12-09T00:00:00Z,1.914339141,0,0.992200141
2006-12-10T00:00:00Z,1.914339141,0,1.17233561
2006-12-11T00:00:00Z,1.914339141,0,2.675217055
2006-12-12T00:00:00Z,1.914339141,0,1.2282882
2006-12-13T00:00:00Z,1.914339141,0,1.767790274
2006-12-14T00:00:00Z,1.914339141,0,4.445574508
2006-12-15T00:00:00Z,1.914339141,0,5.265621163
2006-12-16T00:00:00Z,1.897729181,0,6.715824727
2006-12-17T00:00:00Z,1.897729181,0,3.130833218
2006-12-18T00:00:00Z,1.897729181,0,5.806868535
2006-12-19T00:00:00Z,1.897729181,0,3.087973465
2006-12-20T00:00:00Z,1.897729181,0,0.996567351
2006-12-21T00:00:00Z,1.897729181,0,1.65010935
2006-12-22T00:00:00Z,1.897729181,0,1.129031851
2006-12-23T00:00:00Z,1.897729181,0,2.811598258
2006-12-24T00:00:00Z,1.897729181,0,3.970673617
2006-12-25T00:00:00Z,1.897729181,0,2.497874935
2006-12-26T00:00:00Z,1.897729181,0,3.514414333
2006-12-27T00:00:00Z,1.897729181,0,2.891703444
2006-12-28T00:00:00Z,1.897729181,0,0.997943749
2006-12-29T00:00:00Z,1.897729181,0,0.997899192
2006-12-30T00:00:00Z,1.897729181,0,0.992097097
2006-12-31T00:00:00Z,1.897729181,0,0.992097097
2007-01-01T00:00:00Z,1.897729181,0,0.993228556
2007-01-02T00:00:00Z,1.897729181,0,2.76489149
2007-01-03T00:00:00Z,1.897729181,0,0.997122216
2007-01-04T00:00:00Z,1.897729181,0,3.025941461
2007-01-05T00:00:00Z,1.897729181,0,4.980114914
2007-01-06T00:00:00Z,1.897729181,0,10.36758865
2007-01-07T00:00:00Z,18.91263535,0,8.693328585
2007-01-08T00:00:00Z,1.914339141,0,4.399411341
2007-01-09T00:00:00Z,1.914339141,0,4.363592415
2007-01-10T00:00:00Z,1.914339141,0,1.485476114
2007-01-11T00:00:00Z,1.914339141,0,0.992103417
2007-01-12T00:00:00Z,1.914339141,0,0.992046516
2007-01-13T00:00:00Z,1.914339141,0,3.656068385
2007-01-14T00:00:00Z,1.914339141,0,1.287986796
2007-01-15T00:00:00Z,1.914339141,0,0.998625118
2007-01-16T00:00:00Z,18.71392779,0,0.640158554
2007-01-17T00:00:00Z,1.914339141,0,0.992097097
2007-01-18T00:00:00Z,1.914339141,0,0.992097097
2007-01-19T00:00:00Z,1.914339141,0,0.992097097
2007-01-20T00:00:00Z,1.914339141,0,0.992097097
2007-01-21T00:00:00Z,1.914339141,0,0.992097097
2007-01-22T00:00:00Z,1.914339141,0,0.992097097
2007-01-23T00:00:00Z,1.914339141,0,0.992097097
2007-01-24T00:00:00Z,1.914339141,0,0.992097097
2007-01-25T00:00:00Z,1.897729181,0,0.992097097
2007-01-26T00:00:00Z,1.897729181,0,0.992097097
2007-01-27T00:00:00Z,1.897729181,0,0.992097097
2007-01-28T00:00:00Z,1.897729181,0,0.992097097
2007-01-29T00:00:00Z,1.897729181,0,0.992097097
2007-01-30T00:00:00Z,1.897729181,0,0.992097097
2007-01-31T00:00:00Z,1.897729181,0,0.992097097
2007-02-01T00:00:00Z,1.897729181,0,0.992097097
2007-02-02T00:00:00Z,1.897729181,0,0.992097097
2007-02-03T00:00:00Z,1.881190002,0,0.992097097
2007-02-04T00:00:00Z,1.881190002,0,0.992097097
2007-02-05T00:00:00Z,1.881190002,0,0.992097097
2007-02-06T00:00:00Z,1.881190002,0,0.992097097
2007-02-07T00:00:00Z,1.881190002,0,0.992097097
2007-02-08T00:00:00Z,1.881190002,0,0.992097097
2007-02-09T00:00:00Z,1.881190002,0,0.992097097
2007-02-10T00:00:00Z,1.881190002,0,0.992097097
2007-02-11T00:00:00Z,1.881190002,0,0.992097097
2007-02-12T00:00:00Z,1.864718324,0,0.992097097
2007-02-13T00:00:00Z,18.93010648,0,0.638663035
2007-02-14T00:00:00Z,1.864718324,0,0.992097097
2007-02-15T00:00:00Z,16.28570434,0,0.64499539
2007-02-16T00:00:00Z,1.881190002,0,0.992097097
2007-02-17T00:00:00Z,1.881190002,0,0.992097097
2007-02-18T00:00:00Z,1.881190002,0,0.992097097
2007-02-19T00:00:00Z,1.881190002,0,0.992097097
2007-02-20T00:00:00Z,1.881190002,0,0.992092803
2007-02-21T00:00:00Z,1.881190002,0,1.002981278
2007-02-22T00:00:00Z,1.881190002,0,0.992095851
2007-02-23T00:00:00Z,1.881190002,0,0.992095851
2007-02-24T00:00:00Z,1.881190002,0,0.992097097
2007-02-25T00:00:00Z,1.881190002,0,0.992097097
2007-02-26T00:00:00Z,1.881190002,0,0.992097097
2007-02-27T00:00:00Z,1.881190002,0,0.992097097
2007-02-28T00:00:00Z,1.881190002,0,0.992097097
2007-03-01T00:00:00Z,1.881190002,0,0.992097097
2007-03-02T00:00:00Z,1.881190002,0,0.992097097
2007-03-03T00:00:00Z,1.881190002,0,1.004602582
2007-03-04T00:00:00Z,1.881190002,0,1.000917072
2007-03-05T00:00:00Z,1.881190002,0,0.992094712
2007-03-06T00:00:00Z,1.881190002,0,0.992097097
2007-03-07T00:00:00Z,1.881190002,0,0.992097097
2007-03-08T00:00:00Z,1.881190002,0,0.992097097
2007-03-09T00:00:00Z,1.881190002,0,0.992097097
2007-03-10T00:00:00Z,1.881190002,0,0.992002076
2007-03-11T00:00:00Z,1.881190002,0,3.190914111
2007-03-12T00:00:00Z,1.881190002,0,1.104870165
2007-03-13T00:00:00Z,1.881190002,0,3.56411873
2007-03-14T00:00:00Z,1.881190002,0,5.894805756
2007-03-15T00:00:00Z,1.881190002,0,12.10203371
2007-03-16T00:00:00Z,18.85568364,0,0.985758624
2007-03-17T00:00:00Z,1.897729181,0,0.992047093
2007-03-18T00:00:00Z,1.897729181,0,0.992097097
2007-03-19T00:00:00Z,1.897729181,0,0.992097097
2007-03-20T00:00:00Z,1.897729181,0,0.996108587
2007-03-21T00:00:00Z,1.897729181,0,0.992097097
2007-03-22T00:00:00Z,1.897729181,0,1.002654832
2007-03-23T00:00:00Z,1.897729181,0,7.226943002
2007-03-24T00:00:00Z,1.897729181,0,4.727344662
2007-03-25T00:00:00Z,17.8633048,0,4.025874406
2007-03-26T00:00:00Z,1.914339141,0,5.057613957
2007-03-27T00:00:00Z,1.914339141,0,5.8173656
2007-03-28T00:00:00Z,1.914339141,0,8.066286848
2007-03-29T00:00:00Z,1.914339141,0,1.336085621
2007-03-30T00:00:00Z,19.1751774,0,2.362242158
2007-03-31T00:00:00Z,1.931023975,0,3.055778941
2007-04-01T00:00:00Z,1.931023975,0,4.819388829
2007-04-02T00:00:00Z,1.931023975,0,5.596747416
2007-04-03T00:00:00Z,19.0583609,0,3.866253578
2007-04-04T00:00:00Z,1.947811161,0,3.631599694
2007-04-05T00:00:00Z,1.947811161,0,1.249989144
2007-04-06T00:00:00Z,1.947811161,0,0.992097097
2007-04-07T00:00:00Z,1.947811161,0,0.992097097
2007-04-08T00:00:00Z,1.947811161,0,0.992097097
2007-04-09T00:00:00Z,1.947811161,0,0.997050476
2007-04-10T00:00:00Z,1.947811161,0,1.881638977
2007-04-11T00:00:00Z,1.947811161,0,1.261718207
2007-04-12T00:00:00Z,1.947811161,0,3.097040769
2007-04-13T00:00:00Z,17.90098076,0,1.623117941
2007-04-14T00:00:00Z,1.947811161,0,4.011714061
2007-04-15T00:00:00Z,1.947811161,0,5.217791879
2007-04-16T00:00:00Z,28.56542633,0,3.641445244
2007-04-17T00:00:00Z,36.71379198,0,3.85040522
2007-04-18T00:00:00Z,18.78601429,0,3.592662976
2007-04-19T00:00:00Z,2.033346068,0,6.479721818
2007-04-20T00:00:00Z,2.033346068,0,7.930377002
2007-04-21T00:00:00Z,19.78981469,0,9.329153678
2007-04-22T00:00:00Z,2.050566185,0,11.73756924
2007-04-23T00:00:00Z,2.050566185,0,14.23140491
2007-04-24T00:00:00Z,2.033346068,0,16.01527107
2007-04-25T00:00:00Z,2.033346068,0,8.382641196
2007-04-26T00:00:00Z,2.033346068,0,8.445035733
2007-04-27T00:00:00Z,2.033346068,0,9.809552681
2007-04-28T00:00:00Z,2.01614411,0,9.772146969
2007-04-29T00:00:00Z,2.01614411,0,11.14390998
2007-04-30T00:00:00Z,2.01614411,0,10.20216357
2007-05-01T00:00:00Z,2.01614411,0,9.072516165
2007-05-02T00:00:00Z,2.01614411,0,9.689720238
2007-05-03T00:00:00Z,2.01614411,0,7.918491324
2007-05-04T00:00:00Z,2.01614411,0,7.652012404
2007-05-05T00:00:00Z,2.01614411,0,8.287973195
2007-05-06T00:00:00Z,2.01614411,0,8.220663902
2007-05-07T00:00:00Z,1.998963464,0,8.777552581
2007-05-08T00:00:00Z,1.998963464,0,12.29620243
2007-05-09T00:00:00Z,1.998963464,0,16.07894303
2007-05-10T00:00:00Z,1.998963464,0,19.3283065
2007-05-11T00:00:00Z,1.998963464,0,19.84206516
2007-05-12T00:00:00Z,1.998963464,0,15.68624301
2007-05-13T00:00:00Z,1.998963464,0,10.34456712
2007-05-14T00:00:00Z,1.981800029,0,8.437831627
2007-05-15T00:00:00Z,1.981800029,0,11.77303836
2007-05-16T00:00:00Z,1.981800029,0,16.71166797
2007-05-17T00:00:00Z,16.8686746,0,10.80067778
2007-05-18T00:00:00Z,1.998963464,0,8.782511033
2007-05-19T00:00:00Z,1.998963464,0,8.646057619
2007-05-20T00:00:00Z,1.998963464,0,11.41881145
2007-05-21T00:00:00Z,1.998963464,0,11.72526106
2007-05-22T00:00:00Z,1.998963464,0,10.9907002
2007-05-23T00:00:00Z,1.998963464,0,12.98011304
2007-05-24T00:00:00Z,1.998963464,0,15.95490289
2007-05-25T00:00:00Z,1.998963464,0,20.9289131
2007-05-26T00:00:00Z,1.998963464,0,20.73521427
2007-05-27T00:00:00Z,1.998963464,0,15.66627302
2007-05-28T00:00:00Z,1.998963464,0,17.0044115
2007-05-29T00:00:00Z,1.998963464,0,15.63221334
2007-05-30T00:00:00Z,1.981800029,0,15.32090845
2007-05-31T00:00:00Z,1.981800029,0,17.06881887
2007-06-01T00:00:00Z,1.981800029,0,16.37090463
2007-06-02T00:00:00Z,1.981800029,0,20.11011241
2007-06-03T00:00:00Z,1.981800029,0,20.61695163
2007-06-04T00:00:00Z,1.981800029,0,15.14213829
2007-06-05T00:00:00Z,1.981800029,0,16.21471003
2007-06-06T00:00:00Z,1.981800029,0,15.86044245
2007-06-07T00:00:00Z,1.981800029,0,10.8742314
2007-06-08T00:00:00Z,1.981800029,0,15.94485372
2007-06-09T00:00:00Z,1.981800029,0,18.88006272
2007-06-10T00:00:00Z,1.981800029,0,17.14031344
2007-06-11T00:00:00Z,1.981800029,0,18.16038731
2007-06-12T00:00:00Z,1.981800029,0,19.39393851
2007-06-13T00:00:00Z,1.981800029,0,17.78348566
2007-06-14T00:00:00Z,1.981800029,0,13.62109646
2007-06-15T00:00:00Z,1.981800029,0,15.09628911
2007-06-16T00:00:00Z,1.981800029,0,17.79676226
2007-06-17T00:00:00Z,1.981800029,0,19.17163307
2007-06-18T00:00:00Z,1.981800029,0,18.60088328
2007-06-19T00:00:00Z,1.981800029,0,18.06347326
2007-06-20T00:00:00Z,1.981800029,0,20.1174776
2007-06-21T00:00:00Z,1.981800029,0,17.03397099
2007-06-22T00:00:00Z,1.981800029,0,15.2524127
2007-06-23T00:00:00Z,1.964736032,0,13.18418706
2007-06-24T00:00:00Z,1.964736032,0,13.242802
2007-06-25T00:00:00Z,1.964736032,0,17.50750501
2007-06-26T00:00:00Z,1.964736032,0,21.56255939
2007-06-27T00:00:00Z,1.964736032,0,23.83558247
2007-06-28T00:00:00Z,1.964736032,0,23.4033147
2007-06-29T00:00:00Z,1.964736032,0,17.6056229
2007-06-30T00:00:00Z,1.964736032,0,14.5673403
2007-07-01T00:00:00Z,1.964736032,0,13.9417604
2007-07-02T00:00:00Z,1.964736032,0,12.52847055
2007-07-03T00:00:00Z,1.947811161,0,14.51077264
2007-07-04T00:00:00Z,1.947811161,0,17.29443211
2007-07-05T00:00:00Z,18.11426918,0,15.95644516
2007-07-06T00:00:00Z,1.964736032,0,19.85809094
2007-07-07T00:00:00Z,1.964736032,0,16.90577997
2007-07-08T00:00:00Z,1.964736032,0,18.8451224
2007-07-09T00:00:00Z,1.964736032,0,19.53797132
2007-07-10T00:00:00Z,1.964736032,0,21.02009763
2007-07-11T00:00:00Z,1.964736032,0,23.59841829
2007-07-12T00:00:00Z,17.75874034,0,20.0814808
2007-07-13T00:00:00Z,1.981800029,0,17.93360654
2007-07-14T00:00:00Z,1.981800029,0,17.50084211
2007-07-15T00:00:00Z,1.981800029,0,19.16758863
2007-07-16T00:00:00Z,1.981800029,0,19.07109462
2007-07-17T00:00:00Z,1.981800029,0,19.35797062
2007-07-18T00:00:00Z,1.981800029,0,19.45019773
2007-07-19T00:00:00Z,1.981800029,0,19.20593218
2007-07-20T00:00:00Z,1.981800029,0,18.82482933
2007-07-21T00:00:00Z,19.72467636,0,15.40454792
2007-07-22T00:00:00Z,1.998963464,0,17.417716
2007-07-23T00:00:00Z,1.998963464,0,18.29537257
2007-07-24T00:00:00Z,1.998963464,0,18.03251087
2007-07-25T00:00:00Z,1.998963464,0,20.99878868
2007-07-26T00:00:00Z,1.998963464,0,21.50934022
2007-07-27T00:00:00Z,1.998963464,0,22.85176548
2007-07-28T00:00:00Z,1.998963464,0,22.0239279
2007-07-29T00:00:00Z,1.998963464,0,20.59070442
2007-07-30T00:00:00Z,1.998963464,0,21.47970193
2007-07-31T00:00:00Z,1.998963464,0,21.25370223
2007-08-01T00:00:00Z,1.998963464,0,22.15799981
2007-08-02T00:00:00Z,1.998963464,0,23.02349142
2007-08-03T00:00:00Z,1.998963464,0,25.01081163
2007-08-04T00:00:00Z,1.981800029,0,23.33592583
2007-08-05T00:00:00Z,1.981800029,0,18.45178737
2007-08-06T00:00:00Z,1.981800029,0,17.02944064
2007-08-07T00:00:00Z,1.981800029,0,20.451622
2007-08-08T00:00:00Z,1.981800029,0,21.13616687
2007-08-09T00:00:00Z,1.981800029,0,19.54306637
2007-08-10T00:00:00Z,1.981800029,0,17.62566607
2007-08-11T00:00:00Z,1.981800029,0,15.21557419
2007-08-12T00:00:00Z,1.981800029,0,20.12654283
2007-08-13T00:00:00Z,1.981800029,0,21.32682485
2007-08-14T00:00:00Z,1.981800029,0,16.91111263
2007-08-15T00:00:00Z,1.981800029,0,16.68314236
2007-08-16T00:00:00Z,1.981800029,0,19.1980668
2007-08-17T00:00:00Z,1.981800029,0,21.36296694
2007-08-18T00:00:00Z,1.981800029,0,15.31394613
2007-08-19T00:00:00Z,1.981800029,0,12.87941657
2007-08-20T00:00:00Z,1.981800029,0,13.46100432
2007-08-21T00:00:00Z,1.981800029,0,15.72134956
2007-08-22T00:00:00Z,1.981800029,0,14.78041219
2007-08-23T00:00:00Z,1.981800029,0,15.62972685
2007-08-24T00:00:00Z,1.981800029,0,18.18804005
2007-08-25T00:00:00Z,1.981800029,0,23.70964016
2007-08-26T00:00:00Z,1.981800029,0,24.61149538
2007-08-27T00:00:00Z,1.981800029,0,18.64290848
2007-08-28T00:00:00Z,1.981800029,0,19.16139765
2007-08-29T00:00:00Z,1.981800029,0,20.3910178
2007-08-30T00:00:00Z,1.981800029,0,20.84095451
2007-08-31T00:00:00Z,1.981800029,0,21.18547059
2007-09-01T00:00:00Z,1.981800029,0,16.92043512
2007-09-02T00:00:00Z,1.964736032,0,13.39097732
2007-09-03T00:00:00Z,1.964736032,0,15.85060754
2007-09-04T00:00:00Z,1.964736032,0,18.33630534
2007-09-05T00:00:00Z,1.964736032,0,12.61915697
2007-09-06T00:00:00Z,1.964736032,0,14.51034651
2007-09-07T00:00:00Z,1.964736032,0,19.7022645
2007-09-08T00:00:00Z,1.964736032,0,22.94337125
2007-09-09T00:00:00Z,1.964736032,0,21.14243668
2007-09-10T00:00:00Z,1.964736032,0,17.33807439
2007-09-11T00:00:00Z,1.964736032,0,16.11525457
2007-09-12T00:00:00Z,1.964736032,0,16.14279113
2007-09-13T00:00:00Z,1.964736032,0,12.84826768
2007-09-14T00:00:00Z,1.964736032,0,14.46676337
2007-09-15T00:00:00Z,1.964736032,0,15.87497113
2007-09-16T00:00:00Z,1.964736032,0,9.935151169
2007-09-17T00:00:00Z,1.964736032,0,11.56684095
2007-09-18T00:00:00Z,1.964736032,0,12.14607766
2007-09-19T00:00:00Z,1.964736032,0,11.98554335
2007-09-20T00:00:00Z,1.964736032,0,15.32949055
2007-09-21T00:00:00Z,1.964736032,0,18.39890329
2007-09-22T00:00:00Z,1.964736032,0,17.97163085
2007-09-23T00:00:00Z,1.964736032,0,18.809064
2007-09-24T00:00:00Z,1.964736032,0,14.06525317
2007-09-25T00:00:00Z,1.964736032,0,17.17373041
2007-09-26T00:00:00Z,1.964736032,0,21.39417821
2007-09-27T00:00:00Z,1.964736032,0,22.05779555
2007-09-28T00:00:00Z,1.964736032,0,20.15635427
2007-09-29T00:00:00Z,1.964736032,0,14.31194494
2007-09-30T00:00:00Z,1.964736032,0,11.77479003
2007-10-01T00:00:00Z,1.964736032,0,12.12819719
2007-10-02T00:00:00Z,1.964736032,0,13.79477308
2007-10-03T00:00:00Z,1.964736032,0,15.39651934
2007-10-04T00:00:00Z,1.964736032,0,17.94890087
2007-10-05T00:00:00Z,1.964736032,0,17.81629847
2007-10-06T00:00:00Z,1.964736032,0,18.67388811
2007-10-07T00:00:00Z,1.964736032,0,18.34944407
2007-10-08T00:00:00Z,1.964736032,0,13.02685075
2007-10-09T00:00:00Z,1.964736032,0,14.33446901
2007-10-10T00:00:00Z,1.964736032,0,11.76757081
2007-10-11T00:00:00Z,1.964736032,0,12.18099847
2007-10-12T00:00:00Z,1.964736032,0,12.60792579
2007-10-13T00:00:00Z,1.964736032,0,7.473605478
2007-10-14T00:00:00Z,1.964736032,0,9.029758816
2007-10-15T00:00:00Z,1.964736032,0,7.752826318
2007-10-16T00:00:00Z,1.964736032,0,8.842739162
2007-10-17T00:00:00Z,1.964736032,0,8.198310189
2007-10-18T00:00:00Z,1.964736032,0,13.54063191
2007-10-19T00:00:00Z,1.964736032,0,16.3131442
2007-10-20T00:00:00Z,1.964736032,0,17.56425944
2007-10-21T00:00:00Z,1.964736032,0,13.55309413
2007-10-22T00:00:00Z,1.964736032,0,15.19239608
2007-10-23T00:00:00Z,1.964736032,0,16.9927789
2007-10-24T00:00:00Z,1.964736032,0,15.16827607
2007-10-25T00:00:00Z,1.964736032,0,10.1400189
2007-10-26T00:00:00Z,1.947811161,0,8.456875813
2007-10-27T00:00:00Z,1.947811161,0,10.88150043
2007-10-28T00:00:00Z,1.947811161,0,12.87616135
2007-10-29T00:00:00Z,1.947811161,0,4.101916025
2007-10-30T00:00:00Z,1.947811161,0,5.153859379
2007-10-31T00:00:00Z,1.947811161,0,9.180966382
2007-11-01T00:00:00Z,1.947811161,0,10.87696678
2007-11-02T00:00:00Z,1.947811161,0,7.108742911
2007-11-03T00:00:00Z,1.947811161,0,4.118306373
2007-11-04T00:00:00Z,1.931023975,0,4.782347976
2007-11-05T00:00:00Z,1.931023975,0,5.249590198
2007-11-06T00:00:00Z,1.931023975,0,7.634340485
2007-11-07T00:00:00Z,1.931023975,0,5.429724968
2007-11-08T00:00:00Z,1.931023975,0,3.310130042
2007-11-09T00:00:00Z,1.931023975,0,2.872682813
2007-11-10T00:00:00Z,1.931023975,0,3.078688647
2007-11-11T00:00:00Z,1.931023975,0,1.010479719
2007-11-12T00:00:00Z,1.931023975,0,1.222355349
2007-11-13T00:00:00Z,1.914339141,0,3.76657627
2007-11-14T00:00:00Z,1.914339141,0,4.983851457
2007-11-15T00:00:00Z,1.914339141,0,10.57362244
2007-11-16T00:00:00Z,18.95203668,0,7.628732108
2007-11-17T00:00:00Z,1.931023975,0,1.216472129
2007-11-18T00:00:00Z,1.931023975,0,1.007113388
2007-11-19T00:00:00Z,1.931023975,0,1.028985437
2007-11-20T00:00:00Z,1.931023975,0,0.992088017
2007-11-21T00:00:00Z,1.914339141,0,1.676523488
2007-11-22T00:00:00Z,1.914339141,0,3.772535863
2007-11-23T00:00:00Z,1.914339141,0,4.913264721
2007-11-24T00:00:00Z,1.914339141,0,0.991893152
2007-11-25T00:00:00Z,1.914339141,0,0.992077267
2007-11-26T00:00:00Z,1.914339141,0,1.7028647
2007-11-27T00:00:00Z,19.05588643,0,5.026225407
2007-11-28T00:00:00Z,1.931023975,0,2.786041484
2007-11-29T00:00:00Z,1.931023975,0,1.000803279
2007-11-30T00:00:00Z,1.931023975,0,2.566168212
2007-12-01T00:00:00Z,1.931023975,0,0.991950179
2007-12-02T00:00:00Z,1.914339141,0,0.992097097
2007-12-03T00:00:00Z,19.1537565,0,0.639228695
2007-12-04T00:00:00Z,1.931023975,0,0.992097097
2007-12-05T00:00:00Z,1.914339141,0,0.992097097
2007-12-06T00:00:00Z,1.914339141,0,0.992097097
2007-12-07T00:00:00Z,1.914339141,0,0.992097097
2007-12-08T00:00:00Z,1.914339141,0,0.992097097
2007-12-09T00:00:00Z,1.914339141,0,0.992097097
2007-12-10T00:00:00Z,1.914339141,0,0.992097097
2007-12-11T00:00:00Z,1.914339141,0,0.992097097
2007-12-12T00:00:00Z,1.914339141,0,1.235434345
2007-12-13T00:00:00Z,1.914339141,0,0.991983762
2007-12-14T00:00:00Z,1.914339141,0,0.992097097
2007-12-15T00:00:00Z,1.914339141,0,0.992097097
2007-12-16T00:00:00Z,1.914339141,0,0.992097097
2007-12-17T00:00:00Z,1.914339141,0,0.992097097
2007-12-18T00:00:00Z,1.914339141,0,0.992097097
2007-12-19T00:00:00Z,1.914339141,0,0.992097097
2007-12-20T00:00:00Z,1.914339141,0,0.992097097
2007-12-21T00:00:00Z,1.914339141,0,0.992097097
2007-12-22T00:00:00Z,1.914339141,0,0.992097097
2007-12-23T00:00:00Z,1.897729181,0,0.991708501
2007-12-24T00:00:00Z,18.11051745,0,2.869554737
2007-12-25T00:00:00Z,1.914339141,0,0.991345471
2007-12-26T00:00:00Z,1.914339141,0,0.992094346
2007-12-27T00:00:00Z,1.914339141,0,0.997079601
2007-12-28T00:00:00Z,1.914339141,0,1.134827483
2007-12-29T00:00:00Z,1.914339141,0,1.496172689
2007-12-30T00:00:00Z,1.914339141,0,1.59302742
2007-12-31T00:00:00Z,1.914339141,0,0.999196434
2008-01-01T00:00:00Z,1.914339141,0,0.992097097
2008-01-02T00:00:00Z,1.914339141,0,0.992097097
2008-01-03T00:00:00Z,1.914339141,0,0.992097097
2008-01-04T00:00:00Z,1.914339141,0,0.992097097
2008-01-05T00:00:00Z,1.914339141,0,0.992097097
2008-01-06T00:00:00Z,1.914339141,0,0.994282216
2008-01-07T00:00:00Z,1.914339141,0,2.263518444
2008-01-08T00:00:00Z,1.914339141,0,5.199752574
2008-01-09T00:00:00Z,1.914339141,0,6.948844634
2008-01-10T00:00:00Z,1.914339141,0,3.999398026
2008-01-11T00:00:00Z,18.36682211,0,1.657350036
2008-01-12T00:00:00Z,1.931023975,0,3.616185693
2008-01-13T00:00:00Z,1.931023975,0,1.598595764
2008-01-14T00:00:00Z,1.931023975,0,1.013861355
2008-01-15T00:00:00Z,1.931023975,0,0.992097097
2008-01-16T00:00:00Z,1.931023975,0,0.992097097
2008-01-17T00:00:00Z,1.931023975,0,0.992097097
2008-01-18T00:00:00Z,1.931023975,0,0.991316715
2008-01-19T00:00:00Z,1.931023975,0,0.991316715
2008-01-20T00:00:00Z,1.931023975,0,0.992097097
2008-01-21T00:00:00Z,1.931023975,0,0.992097097
2008-01-22T00:00:00Z,1.931023975,0,0.992097097
2008-01-23T00:00:00Z,1.931023975,0,0.992097097
2008-01-24T00:00:00Z,1.931023975,0,0.992097097
2008-01-25T00:00:00Z,1.931023975,0,0.992097097
2008-01-26T00:00:00Z,1.931023975,0,0.992097097
2008-01-27T00:00:00Z,1.931023975,0,0.992097097
2008-01-28T00:00:00Z,1.931023975,0,0.992097097
2008-01-29T00:00:00Z,1.914339141,0,0.992096464
2008-01-30T00:00:00Z,1.914339141,0,1.976853126
2008-01-31T00:00:00Z,1.914339141,0,0.990994186
2008-02-01T00:00:00Z,1.914339141,0,0.992097097
2008-02-02T00:00:00Z,1.914339141,0,1.17830703
2008-02-03T00:00:00Z,1.914339141,0,0.99091511
2008-02-04T00:00:00Z,1.914339141,0,0.992097097
2008-02-05T00:00:00Z,1.914339141,0,1.012552646
2008-02-06T00:00:00Z,1.914339141,0,2.736785804
2008-02-07T00:00:00Z,1.914339141,0,0.9880785
2008-02-08T00:00:00Z,1.914339141,0,0.992097097
2008-02-09T00:00:00Z,1.914339141,0,0.992097097
2008-02-10T00:00:00Z,1.914339141,0,0.992274864
2008-02-11T00:00:00Z,1.914339141,0,0.991601214
2008-02-12T00:00:00Z,1.914339141,0,0.992097097
2008-02-13T00:00:00Z,12.57394329,0,0.659728813
2008-02-14T00:00:00Z,1.914339141,0,0.990598897
2008-02-15T00:00:00Z,1.914339141,0,0.991933727
2008-02-16T00:00:00Z,1.914339141,0,0.992097097
2008-02-17T00:00:00Z,1.914339141,0,0.992097097
2008-02-18T00:00:00Z,1.914339141,0,2.843024189
2008-02-19T00:00:00Z,17.73952261,0,3.203281827
2008-02-20T00:00:00Z,1.931023975,0,0.991325497
2008-02-21T00:00:00Z,1.931023975,0,0.992097097
2008-02-22T00:00:00Z,1.931023975,0,0.992097097
2008-02-23T00:00:00Z,1.931023975,0,0.992097097
2008-02-24T00:00:00Z,1.931023975,0,0.992097097
2008-02-25T00:00:00Z,1.931023975,0,0.992095256
2008-02-26T00:00:00Z,1.931023975,0,0.992213969
2008-02-27T00:00:00Z,1.931023975,0,1.017119538
2008-02-28T00:00:00Z,1.931023975,0,0.992097097
2008-02-29T00:00:00Z,1.914339141,0,0.992097097
2008-03-01T00:00:00Z,1.914339141,0,0.992097097
2008-03-02T00:00:00Z,1.914339141,0,0.992097097
2008-03-03T00:00:00Z,1.914339141,0,0.992087182
2008-03-04T00:00:00Z,1.914339141,0,2.75506698
2008-03-05T00:00:00Z,1.914339141,0,2.294015213
2008-03-06T00:00:00Z,1.914339141,0,1.00868285
2008-03-07T00:00:00Z,1.914339141,0,1.325737152
2008-03-08T00:00:00Z,1.914339141,0,2.603561697
2008-03-09T00:00:00Z,12.76902107,0,1.224470728
2008-03-10T00:00:00Z,1.931023975,0,0.990689015
2008-03-11T00:00:00Z,1.931023975,0,0.992097097
2008-03-12T00:00:00Z,1.931023975,0,0.997914308
2008-03-13T00:00:00Z,1.931023975,0,0.991995487
2008-03-14T00:00:00Z,1.931023975,0,1.436779444
2008-03-15T00:00:00Z,1.931023975,0,3.139546395
2008-03-16T00:00:00Z,1.931023975,0,2.492233565
2008-03-17T00:00:00Z,1.914339141,0,0.994146663
2008-03-18T00:00:00Z,1.914339141,0,0.992058803
2008-03-19T00:00:00Z,1.914339141,0,1.517264166
2008-03-20T00:00:00Z,1.914339141,0,2.55195144
2008-03-21T00:00:00Z,1.914339141,0,0.987934862
2008-03-22T00:00:00Z,1.914339141,0,0.992097097
2008-03-23T00:00:00Z,1.914339141,0,0.992097097
2008-03-24T00:00:00Z,1.897729181,0,0.992097097
2008-03-25T00:00:00Z,1.897729181,0,0.992078243
2008-03-26T00:00:00Z,1.897729181,0,2.199598033
2008-03-27T00:00:00Z,1.897729181,0,3.115330192
2008-03-28T00:00:00Z,1.897729181,0,3.750871478
2008-03-29T00:00:00Z,1.897729181,0,0.987182057
2008-03-30T00:00:00Z,1.897729181,0,0.991895565
2008-03-31T00:00:00Z,1.897729181,0,1.269459893
2008-04-01T00:00:00Z,1.897729181,0,6.529429188
2008-04-02T00:00:00Z,1.897729181,0,8.391498055
2008-04-03T00:00:00Z,19.08908396,0,0.813174662
2008-04-04T00:00:00Z,1.914339141,0,4.097130841
2008-04-05T00:00:00Z,1.914339141,0,4.582063545
2008-04-06T00:00:00Z,1.914339141,0,6.045733452
2008-04-07T00:00:00Z,1.914339141,0,5.096252352
2008-04-08T00:00:00Z,1.914339141,0,4.340661357
2008-04-09T00:00:00Z,19.1751774,0,5.712588029
2008-04-10T00:00:00Z,1.931023975,0,9.728310481
2008-04-11T00:00:00Z,1.931023975,0,6.46571549
2008-04-12T00:00:00Z,17.5646655,0,7.420810052
2008-04-13T00:00:00Z,19.36778788,0,8.311980329
2008-04-14T00:00:00Z,1.964736032,0,3.474226185
2008-04-15T00:00:00Z,1.964736032,0,4.310747204
2008-04-16T00:00:00Z,19.61165209,0,6.88104159
2008-04-17T00:00:00Z,1.981800029,0,10.01970461
2008-04-18T00:00:00Z,1.981800029,0,12.42981198
2008-04-19T00:00:00Z,1.981800029,0,15.40136465
2008-04-20T00:00:00Z,19.72467636,0,10.94868659
2008-04-21T00:00:00Z,1.998963464,0,10.9552321
2008-04-22T00:00:00Z,1.998963464,0,12.53699451
2008-04-23T00:00:00Z,1.998963464,0,15.28902101
2008-04-24T00:00:00Z,1.998963464,0,15.44528625
2008-04-25T00:00:00Z,1.998963464,0,10.9970666
2008-04-26T00:00:00Z,1.998963464,0,10.52642943
2008-04-27T00:00:00Z,1.998963464,0,8.977999543
2008-04-28T00:00:00Z,1.998963464,0,8.037751622
2008-04-29T00:00:00Z,1.998963464,0,8.934522081
2008-04-30T00:00:00Z,19.19778629,0,4.794266583
2008-05-01T00:00:00Z,2.01614411,0,5.674485669
2008-05-02T00:00:00Z,2.01614411,0,8.816888525
2008-05-03T00:00:00Z,2.01614411,0,7.528814444
2008-05-04T00:00:00Z,2.01614411,0,6.162141177
2008-05-05T00:00:00Z,2.01614411,0,10.5079182
2008-05-06T00:00:00Z,2.01614411,0,12.78277081
2008-05-07T00:00:00Z,2.01614411,0,12.48653693
2008-05-08T00:00:00Z,1.998963464,0,13.71492965
2008-05-09T00:00:00Z,1.998963464,0,12.18260777
2008-05-10T00:00:00Z,1.998963464,0,10.6489239
2008-05-11T00:00:00Z,1.998963464,0,10.1582961
2008-05-12T00:00:00Z,1.998963464,0,9.212997469
2008-05-13T00:00:00Z,1.981800029,0,9.517873525
2008-05-14T00:00:00Z,1.981800029,0,12.23751218
2008-05-15T00:00:00Z,1.981800029,0,12.74645616
2008-05-16T00:00:00Z,1.981800029,0,12.26840855
2008-05-17T00:00:00Z,1.981800029,0,11.93039343
2008-05-18T00:00:00Z,1.981800029,0,13.26318151
2008-05-19T00:00:00Z,1.981800029,0,10.50256002
2008-05-20T00:00:00Z,1.981800029,0,8.292835824
2008-05-21T00:00:00Z,1.981800029,0,11.81470074
2008-05-22T00:00:00Z,1.981800029,0,10.00340727
2008-05-23T00:00:00Z,1.981800029,0,9.554389748
2008-05-24T00:00:00Z,1.981800029,0,11.16968822
2008-05-25T00:00:00Z,1.981800029,0,11.93013726
2008-05-26T00:00:00Z,1.981800029,0,14.75626928
2008-05-27T00:00:00Z,1.981800029,0,18.78562096
2008-05-28T00:00:00Z,1.981800029,0,11.96136083
2008-05-29T00:00:00Z,1.981800029,0,9.572854033
2008-05-30T00:00:00Z,1.981800029,0,13.54973019
2008-05-31T00:00:00Z,1.981800029,0,16.52361768
2008-06-01T00:00:00Z,1.964736032,0,17.0160846
2008-06-02T00:00:00Z,1.964736032,0,14.37695626
2008-06-03T00:00:00Z,1.964736032,0,16.05927168
2008-06-04T00:00:00Z,1.964736032,0,17.26145419
2008-06-05T00:00:00Z,1.964736032,0,14.44837722
2008-06-06T00:00:00Z,16.22362252,0,14.25359339
2008-06-07T00:00:00Z,1.981800029,0,18.05229525
2008-06-08T00:00:00Z,1.981800029,0,22.80455184
2008-06-09T00:00:00Z,1.981800029,0,23.25752712
2008-06-10T00:00:00Z,1.981800029,0,24.05693412
2008-06-11T00:00:00Z,1.981800029,0,23.11256344
2008-06-12T00:00:00Z,1.981800029,0,17.33099809
2008-06-13T00:00:00Z,1.981800029,0,14.65711664
2008-06-14T00:00:00Z,1.981800029,0,18.69869412
2008-06-15T00:00:00Z,1.981800029,0,18.30589746
2008-06-16T00:00:00Z,1.981800029,0,16.98498153
2008-06-17T00:00:00Z,1.981800029,0,17.29661153
2008-06-18T00:00:00Z,1.981800029,0,14.60863656
2008-06-19T00:00:00Z,1.981800029,0,13.820539
2008-06-20T00:00:00Z,1.981800029,0,15.94208756
2008-06-21T00:00:00Z,1.981800029,0,16.03811662
2008-06-22T00:00:00Z,1.981800029,0,18.73370295
2008-06-23T00:00:00Z,1.981800029,0,18.16608872
2008-06-24T00:00:00Z,1.981800029,0,17.63631761
2008-06-25T00:00:00Z,1.981800029,0,16.876915
2008-06-26T00:00:00Z,1.981800029,0,18.68868372
2008-06-27T00:00:00Z,1.981800029,0,20.05663175
2008-06-28T00:00:00Z,1.981800029,0,20.86799327
2008-06-29T00:00:00Z,1.981800029,0,19.00262605
2008-06-30T00:00:00Z,17.16376117,0,20.26699145
2008-07-01T00:00:00Z,1.998963464,0,20.46953483
2008-07-02T00:00:00Z,1.998963464,0,19.0482638
2008-07-03T00:00:00Z,1.998963464,0,19.45947401
2008-07-04T00:00:00Z,1.998963464,0,18.37749498
2008-07-05T00:00:00Z,1.981800029,0,18.44767831
2008-07-06T00:00:00Z,1.981800029,0,18.84998488
2008-07-07T00:00:00Z,1.981800029,0,21.11292881
2008-07-08T00:00:00Z,1.981800029,0,23.17864889
2008-07-09T00:00:00Z,1.981800029,0,23.33304709
2008-07-10T00:00:00Z,1.981800029,0,21.69684954
2008-07-11T00:00:00Z,1.981800029,0,17.19730894
2008-07-12T00:00:00Z,1.981800029,0,19.77975508
2008-07-13T00:00:00Z,19.72459863,0,19.93311284
2008-07-14T00:00:00Z,1.998963464,0,21.16436136
2008-07-15T00:00:00Z,1.998963464,0,18.72901345
2008-07-16T00:00:00Z,1.981800029,0,20.37425963
2008-07-17T00:00:00Z,1.981800029,0,21.40239374
2008-07-18T00:00:00Z,1.981800029,0,22.59231257
2008-07-19T00:00:00Z,1.981800029,0,22.7910892
2008-07-20T00:00:00Z,1.981800029,0,22.52629586
2008-07-21T00:00:00Z,17.02649715,0,20.73578193
2008-07-22T00:00:00Z,1.998963464,0,19.77377235
2008-07-23T00:00:00Z,1.998963464,0,19.54351904
2008-07-24T00:00:00Z,1.998963464,0,18.73051844
2008-07-25T00:00:00Z,1.998963464,0,18.91552024
2008-07-26T00:00:00Z,1.998963464,0,20.26407731
2008-07-27T00:00:00Z,1.998963464,0,21.09220805
2008-07-28T00:00:00Z,1.998963464,0,19.75927034
2008-07-29T00:00:00Z,1.981800029,0,19.49436038
2008-07-30T00:00:00Z,1.981800029,0,18.80909679
2008-07-31T00:00:00Z,1.981800029,0,20.93759998
2008-08-01T00:00:00Z,1.981800029,0,20.22940968
2008-08-02T00:00:00Z,1.981800029,0,20.39242894
2008-08-03T00:00:00Z,1.981800029,0,18.71069956
2008-08-04T00:00:00Z,1.981800029,0,17.47767988
2008-08-05T00:00:00Z,1.981800029,0,18.20366652
2008-08-06T00:00:00Z,1.981800029,0,17.15554032
2008-08-07T00:00:00Z,1.981800029,0,14.87413303
2008-08-08T00:00:00Z,1.981800029,0,17.05099981
2008-08-09T00:00:00Z,1.964736032,0,16.07919387
2008-08-10T00:00:00Z,1.964736032,0,17.70208823
2008-08-11T00:00:00Z,1.964736032,0,16.94570839
2008-08-12T00:00:00Z,1.964736032,0,15.13832287
2008-08-13T00:00:00Z,1.964736032,0,16.38847522
2008-08-14T00:00:00Z,1.964736032,0,18.49242007
2008-08-15T00:00:00Z,1.964736032,0,18.82279643
2008-08-16T00:00:00Z,1.964736032,0,18.76129568
2008-08-17T00:00:00Z,1.964736032,0,16.7443978
2008-08-18T00:00:00Z,1.964736032,0,19.47169751
2008-08-19T00:00:00Z,1.964736032,0,20.09355408
2008-08-20T00:00:00Z,1.964736032,0,13.20409336
2008-08-21T00:00:00Z,1.964736032,0,14.55132642
2008-08-22T00:00:00Z,1.964736032,0,18.99265463
2008-08-23T00:00:00Z,1.964736032,0,19.09844712
2008-08-24T00:00:00Z,1.964736032,0,18.0878431
2008-08-25T00:00:00Z,1.964736032,0,19.68557386
2008-08-26T00:00:00Z,1.964736032,0,14.75373089
2008-08-27T00:00:00Z,1.947811161,0,14.12108339
2008-08-28T00:00:00Z,1.947811161,0,17.42367275
2008-08-29T00:00:00Z,1.947811161,0,17.50452881
2008-08-30T00:00:00Z,1.947811161,0,18.89925018
2008-08-31T00:00:00Z,1.947811161,0,18.61488095
2008-09-01T00:00:00Z,1.947811161,0,16.39133089
2008-09-02T00:00:00Z,1.947811161,0,17.56894914
2008-09-03T00:00:00Z,1.947811161,0,19.5894595
2008-09-04T00:00:00Z,1.947811161,0,19.70980668
2008-09-05T00:00:00Z,1.947811161,0,22.3667963
2008-09-06T00:00:00Z,1.947811161,0,20.89309279
2008-09-07T00:00:00Z,9.346133646,0,19.35632634
2008-09-08T00:00:00Z,1.964736032,0,15.62734195
2008-09-09T00:00:00Z,1.964736032,0,17.1075383
2008-09-10T00:00:00Z,1.964736032,0,14.22195222
2008-09-11T00:00:00Z,1.964736032,0,11.52809841
2008-09-12T00:00:00Z,1.964736032,0,14.00046568
2008-09-13T00:00:00Z,1.964736032,0,15.56228088
2008-09-14T00:00:00Z,1.964736032,0,18.2603123
2008-09-15T00:00:00Z,1.964736032,0,22.09624315
2008-09-16T00:00:00Z,1.964736032,0,13.97617759
2008-09-17T00:00:00Z,1.964736032,0,14.14940449
2008-09-18T00:00:00Z,1.964736032,0,13.39174098
2008-09-19T00:00:00Z,1.964736032,0,8.668033714
2008-09-20T00:00:00Z,1.964736032,0,8.822997778
2008-09-21T00:00:00Z,1.964736032,0,13.1179344
2008-09-22T00:00:00Z,1.964736032,0,15.21101357
2008-09-23T00:00:00Z,1.964736032,0,11.86922895
2008-09-24T00:00:00Z,1.964736032,0,12.12596909
2008-09-25T00:00:00Z,1.964736032,0,14.37512724
2008-09-26T00:00:00Z,1.964736032,0,12.35416379
2008-09-27T00:00:00Z,1.964736032,0,16.31650939
2008-09-28T00:00:00Z,1.964736032,0,18.53758915
2008-09-29T00:00:00Z,1.964736032,0,17.19760804
2008-09-30T00:00:00Z,1.964736032,0,15.44341055
2008-10-01T00:00:00Z,1.964736032,0,14.74475966
2008-10-02T00:00:00Z,1.964736032,0,13.11077202
2008-10-03T00:00:00Z,1.964736032,0,9.039979763
2008-10-04T00:00:00Z,1.964736032,0,8.300218643
2008-10-05T00:00:00Z,1.947811161,0,10.22769852
2008-10-06T00:00:00Z,1.947811161,0,9.923738502
2008-10-07T00:00:00Z,1.947811161,0,7.123648418
2008-10-08T00:00:00Z,1.947811161,0,8.036277604
2008-10-09T00:00:00Z,1.947811161,0,12.02301572
2008-10-10T00:00:00Z,1.931023975,0,13.98442927
2008-10-11T00:00:00Z,1.931023975,0,10.90416205
2008-10-12T00:00:00Z,1.931023975,0,12.1658179
2008-10-13T00:00:00Z,1.931023975,0,13.06280154
2008-10-14T00:00:00Z,1.931023975,0,13.07249716
2008-10-15T00:00:00Z,1.931023975,0,14.76737442
2008-10-16T00:00:00Z,1.931023975,0,12.87688771
2008-10-17T00:00:00Z,1.931023975,0,10.80675342
2008-10-18T00:00:00Z,1.931023975,0,5.068928004
2008-10-19T00:00:00Z,1.931023975,0,6.285140931
2008-10-20T00:00:00Z,1.931023975,0,4.522470451
2008-10-21T00:00:00Z,1.931023975,0,8.21709346
2008-10-22T00:00:00Z,1.931023975,0,7.503116162
2008-10-23T00:00:00Z,1.931023975,0,4.084255171
2008-10-24T00:00:00Z,1.931023975,0,4.021851442
2008-10-25T00:00:00Z,1.931023975,0,6.73247976
2008-10-26T00:00:00Z,11.04812742,0,12.30306472
2008-10-27T00:00:00Z,1.947811161,0,9.8869142
2008-10-28T00:00:00Z,1.947811161,0,9.855033816
2008-10-29T00:00:00Z,17.57296735,0,4.916035292
2008-10-30T00:00:00Z,1.964736032,0,2.213833036
2008-10-31T00:00:00Z,1.964736032,0,2.563488814
2008-11-01T00:00:00Z,1.964736032,0,7.551651984
2008-11-02T00:00:00Z,1.964736032,0,2.57104452
2008-11-03T00:00:00Z,1.947811161,0,1.902297967
2008-11-04T00:00:00Z,1.947811161,0,6.260189668
2008-11-05T00:00:00Z,1.947811161,0,11.55938819
2008-11-06T00:00:00Z,1.947811161,0,13.16280983
2008-11-07T00:00:00Z,1.947811161,0,13.04295172
2008-11-08T00:00:00Z,1.947811161,0,12.82106209
2008-11-09T00:00:00Z,1.947811161,0,11.67817413
2008-11-10T00:00:00Z,1.947811161,0,6.822724172
2008-11-11T00:00:00Z,1.947811161,0,4.074468185
2008-11-12T00:00:00Z,1.947811161,0,1.615925875
2008-11-13T00:00:00Z,1.947811161,0,1.801935461
2008-11-14T00:00:00Z,1.947811161,0,6.97523613
2008-11-15T00:00:00Z,1.947811161,0,11.70274795
2008-11-16T00:00:00Z,1.947811161,0,13.85408061
2008-11-17T00:00:00Z,1.947811161,0,4.21539816
2008-11-18T00:00:00Z,1.947811161,0,1.90378829
2008-11-19T00:00:00Z,1.947811161,0,0.992097097
2008-11-20T00:00:00Z,1.947811161,0,0.992097097
2008-11-21T00:00:00Z,1.947811161,0,0.992097097
2008-11-22T00:00:00Z,1.947811161,0,0.992097097
2008-11-23T00:00:00Z,1.947811161,0,0.992097097
2008-11-24T00:00:00Z,1.947811161,0,0.992097097
2008-11-25T00:00:00Z,1.947811161,0,2.775562119
2008-11-26T00:00:00Z,16.04941278,0,3.144862468
2008-11-27T00:00:00Z,19.61165209,0,2.053145337
2008-11-28T00:00:00Z,1.981800029,0,1.604610651
2008-11-29T00:00:00Z,1.964736032,0,1.889611245
2008-11-30T00:00:00Z,1.964736032,0,1.234571838
2008-12-01T00:00:00Z,17.02295695,0,2.986998928
2008-12-02T00:00:00Z,1.981800029,0,4.915987194
2008-12-03T00:00:00Z,1.981800029,0,2.178489752
2008-12-04T00:00:00Z,1.964736032,0,1.892094945
2008-12-05T00:00:00Z,1.964736032,0,2.888861711
2008-12-06T00:00:00Z,1.964736032,0,0.992060511
2008-12-07T00:00:00Z,1.964736032,0,0.992097097
2008-12-08T00:00:00Z,1.947811161,0,0.992097097
2008-12-09T00:00:00Z,1.947811161,0,0.992044958
2008-12-10T00:00:00Z,1.947811161,0,4.788607718
2008-12-11T00:00:00Z,1.947811161,0,3.126698385
2008-12-12T00:00:00Z,9.004034202,0,0.685296524
2008-12-13T00:00:00Z,19.38759402,0,0.639779287
2008-12-14T00:00:00Z,1.964736032,0,0.992097097
2008-12-15T00:00:00Z,1.964736032,0,2.24887728
2008-12-16T00:00:00Z,1.964736032,0,5.47859889
2008-12-17T00:00:00Z,18.11125838,0,0.64253998
2008-12-18T00:00:00Z,1.964736032,0,0.992097097
2008-12-19T00:00:00Z,1.964736032,0,0.992097097
2008-12-20T00:00:00Z,1.964736032,0,0.992097097
2008-12-21T00:00:00Z,1.964736032,0,0.992097097
2008-12-22T00:00:00Z,1.947811161,0,0.992097097
2008-12-23T00:00:00Z,1.947811161,0,0.992097097
2008-12-24T00:00:00Z,1.947811161,0,0.992093116
2008-12-25T00:00:00Z,1.947811161,0,3.415408769
2008-12-26T00:00:00Z,1.931023975,0,0.988550721
2008-12-27T00:00:00Z,1.931023975,0,0.991946922
2008-12-28T00:00:00Z,1.931023975,0,4.59764374
2008-12-29T00:00:00Z,1.931023975,0,4.14351555
2008-12-30T00:00:00Z,1.931023975,0,1.004384636
2008-12-31T00:00:00Z,1.931023975,0,0.992097097
