time,FLOW
2003-11-08 00:00:00,1.64898173
2003-11-09 00:00:00,1.64898173
2003-11-10 00:00:00,1.64898173
2003-11-11 00:00:00,1.64898173
2003-11-12 00:00:00,2.134283865
2003-11-13 00:00:00,2.866359526
2003-11-14 00:00:00,1.714005499
2003-11-15 00:00:00,20.62943659
2003-11-16 00:00:00,1.634735502
2003-11-17 00:00:00,1.634735502
2003-11-18 00:00:00,1.634735502
2003-11-19 00:00:00,1.661152093
2003-11-20 00:00:00,7.778712786
2003-11-21 00:00:00,1.635568116
2003-11-22 00:00:00,1.634735502
2003-11-23 00:00:00,1.634735502
2003-11-24 00:00:00,1.634735502
2003-11-25 00:00:00,2.037361462
2003-11-26 00:00:00,20.50453015
2003-11-27 00:00:00,1.619425587
2003-11-28 00:00:00,1.788679135
2003-11-29 00:00:00,6.044164594
2003-11-30 00:00:00,1.727163216
2003-12-01 00:00:00,1.619425587
2003-12-02 00:00:00,2.038095496
2003-12-03 00:00:00,1.627901449
2003-12-04 00:00:00,1.619425587
2003-12-05 00:00:00,1.652462614
2003-12-06 00:00:00,2.546308171
2003-12-07 00:00:00,6.90678133
2003-12-08 00:00:00,1.666023994
2003-12-09 00:00:00,1.619425587
2003-12-10 00:00:00,1.619425587
2003-12-11 00:00:00,2.928061019
2003-12-12 00:00:00,4.743195075
2003-12-13 00:00:00,1.619425587
2003-12-14 00:00:00,0
2003-12-15 00:00:00,6.958663016
2003-12-16 00:00:00,1.857384242
2003-12-17 00:00:00,2.122269252
2003-12-18 00:00:00,0
2003-12-19 00:00:00,1.670414572
2003-12-20 00:00:00,1.64898173
2003-12-21 00:00:00,1.64898173
2003-12-22 00:00:00,1.64898173
2003-12-23 00:00:00,20.62943659
2003-12-24 00:00:00,2.170409521
2003-12-25 00:00:00,3.888472014
2003-12-26 00:00:00,1.634735502
2003-12-27 00:00:00,1.634735502
2003-12-28 00:00:00,1.634735502
2003-12-29 00:00:00,1.634735502
2003-12-30 00:00:00,1.667093936
2003-12-31 00:00:00,1.634735502
2004-01-01 00:00:00,1.634735502
2004-01-02 00:00:00,20.51300601
2004-01-03 00:00:00,2.247355105
2004-01-04 00:00:00,1.919207408
2004-01-05 00:00:00,2.301901993
2004-01-06 00:00:00,2.212359211
2004-01-07 00:00:00,1.655664605
2004-01-08 00:00:00,1.65302767
2004-01-09 00:00:00,20.39825824
2004-01-10 00:00:00,1.604087836
2004-01-11 00:00:00,1.604087836
2004-01-12 00:00:00,2.013375068
2004-01-13 00:00:00,1.624454676
2004-01-14 00:00:00,1.775068027
2004-01-15 00:00:00,1.634394295
2004-01-16 00:00:00,1.604087836
2004-01-17 00:00:00,1.604087836
2004-01-18 00:00:00,1.643471228
2004-01-19 00:00:00,1.779250168
2004-01-20 00:00:00,1.604087836
2004-01-21 00:00:00,1.604087836
2004-01-22 00:00:00,20.30286818
2004-01-23 00:00:00,0
2004-01-24 00:00:00,1.604087836
2004-01-25 00:00:00,20.30286818
2004-01-26 00:00:00,1.588787233
2004-01-27 00:00:00,1.588824583
2004-01-28 00:00:00,1.941668001
2004-01-29 00:00:00,1.794509847
2004-01-30 00:00:00,1.588787233
2004-01-31 00:00:00,1.599992168
2004-02-01 00:00:00,1.588787233
2004-02-02 00:00:00,1.588787233
2004-02-03 00:00:00,1.588787233
2004-02-04 00:00:00,4.042145189
2004-02-05 00:00:00,1.588787233
2004-02-06 00:00:00,1.962658587
2004-02-07 00:00:00,3.62151195
2004-02-08 00:00:00,1.875969728
2004-02-09 00:00:00,1.588787233
2004-02-10 00:00:00,1.588787233
2004-02-11 00:00:00,1.588787233
2004-02-12 00:00:00,1.588787233
2004-02-13 00:00:00,1.588787233
2004-02-14 00:00:00,1.588787233
2004-02-15 00:00:00,1.606733805
2004-02-16 00:00:00,1.588787233
2004-02-17 00:00:00,1.588787233
2004-02-18 00:00:00,20.21117216
2004-02-19 00:00:00,1.573468453
2004-02-20 00:00:00,1.573468453
2004-02-21 00:00:00,2.152451283
2004-02-22 00:00:00,1.832844427
2004-02-23 00:00:00,1.578379185
2004-02-24 00:00:00,1.573468453
2004-02-25 00:00:00,1.573468453
2004-02-26 00:00:00,1.573468453
2004-02-27 00:00:00,1.573468453
2004-02-28 00:00:00,1.573468453
2004-02-29 00:00:00,1.573468453
2004-03-01 00:00:00,1.573468453
2004-03-02 00:00:00,1.629272235
2004-03-03 00:00:00,1.720641622
2004-03-04 00:00:00,1.573468453
2004-03-05 00:00:00,1.573468453
2004-03-06 00:00:00,2.318597742
2004-03-07 00:00:00,1.663368344
2004-03-08 00:00:00,0
2004-03-09 00:00:00,1.781698866
2004-03-10 00:00:00,1.665242243
2004-03-11 00:00:00,1.588787233
2004-03-12 00:00:00,1.588787233
2004-03-13 00:00:00,1.622252639
2004-03-14 00:00:00,1.588787233
2004-03-15 00:00:00,1.784500105
2004-03-16 00:00:00,1.605893435
2004-03-17 00:00:00,3.26939684
2004-03-18 00:00:00,1.626753289
2004-03-19 00:00:00,1.665111522
2004-03-20 00:00:00,1.597564433
2004-03-21 00:00:00,2.372647182
2004-03-22 00:00:00,1.654149359
2004-03-23 00:00:00,1.588787233
2004-03-24 00:00:00,1.852551425
2004-03-25 00:00:00,1.600440365
2004-03-26 00:00:00,1.999298719
2004-03-27 00:00:00,2.930727613
2004-03-28 00:00:00,0
2004-03-29 00:00:00,1.604087836
2004-03-30 00:00:00,1.604087836
2004-03-31 00:00:00,4.692083479
2004-04-01 00:00:00,0
2004-04-02 00:00:00,0
2004-04-03 00:00:00,0
2004-04-04 00:00:00,2.087868313
2004-04-05 00:00:00,0
2004-04-06 00:00:00,1.663846689
2004-04-07 00:00:00,1.663846689
2004-04-08 00:00:00,1.663846689
2004-04-09 00:00:00,1.663846689
2004-04-10 00:00:00,1.663846689
2004-04-11 00:00:00,1.663846689
2004-04-12 00:00:00,1.663846689
2004-04-13 00:00:00,3.032551517
2004-04-14 00:00:00,7.549600234
2004-04-15 00:00:00,0
2004-04-16 00:00:00,1.697400807
2004-04-17 00:00:00,1.678060038
2004-04-18 00:00:00,1.711523256
2004-04-19 00:00:00,21.05831172
2004-04-20 00:00:00,1.718883905
2004-04-21 00:00:00,1.663846689
2004-04-22 00:00:00,1.666344886
2004-04-23 00:00:00,2.863096854
2004-04-24 00:00:00,0
2004-04-25 00:00:00,1.678060038
2004-04-26 00:00:00,5.095731267
2004-04-27 00:00:00,3.734854985
2004-04-28 00:00:00,1.717711526
2004-04-29 00:00:00,1.678060038
2004-04-30 00:00:00,1.678060038
2004-05-01 00:00:00,1.678060038
2004-05-02 00:00:00,1.708943193
2004-05-03 00:00:00,2.880795988
2004-05-04 00:00:00,0
2004-05-05 00:00:00,1.700776841
2004-05-06 00:00:00,1.843870344
2004-05-07 00:00:00,1.723861453
2004-05-08 00:00:00,1.694714215
2004-05-09 00:00:00,1.722967605
2004-05-10 00:00:00,1.73190609
2004-05-11 00:00:00,2.240272782
2004-05-12 00:00:00,1.694714215
2004-05-13 00:00:00,1.694714215
2004-05-14 00:00:00,1.715389322
2004-05-15 00:00:00,1.694714215
2004-05-16 00:00:00,4.470872024
2004-05-17 00:00:00,1.694714215
2004-05-18 00:00:00,2.012069349
2004-05-19 00:00:00,4.153186551
2004-05-20 00:00:00,0
2004-05-21 00:00:00,2.10962672
2004-05-22 00:00:00,2.743908704
2004-05-23 00:00:00,6.191499372
2004-05-24 00:00:00,6.929679909
2004-05-25 00:00:00,3.906843337
2004-05-26 00:00:00,0
2004-05-27 00:00:00,2.872480343
2004-05-28 00:00:00,4.208599452
2004-05-29 00:00:00,21.60872838
2004-05-30 00:00:00,1.711615344
2004-05-31 00:00:00,1.711615344
2004-06-01 00:00:00,2.566141703
2004-06-02 00:00:00,22.28278301
2004-06-03 00:00:00,2.243381822
2004-06-04 00:00:00,2.418925923
2004-06-05 00:00:00,1.694714215
2004-06-06 00:00:00,1.694714215
2004-06-07 00:00:00,1.694714215
2004-06-08 00:00:00,1.694714215
2004-06-09 00:00:00,1.694714215
2004-06-10 00:00:00,5.083138902
2004-06-11 00:00:00,1.694714215
2004-06-12 00:00:00,1.694714215
2004-06-13 00:00:00,1.694714215
2004-06-14 00:00:00,1.694714215
2004-06-15 00:00:00,1.710725764
2004-06-16 00:00:00,1.694714215
2004-06-17 00:00:00,1.858638279
2004-06-18 00:00:00,21.82525006
2004-06-19 00:00:00,1.934785972
2004-06-20 00:00:00,1.678060038
2004-06-21 00:00:00,1.678060038
2004-06-22 00:00:00,1.864134933
2004-06-23 00:00:00,2.592294581
2004-06-24 00:00:00,1.790418861
2004-06-25 00:00:00,1.678060038
2004-06-26 00:00:00,4.060369611
2004-06-27 00:00:00,1.694044787
2004-06-28 00:00:00,1.678060038
2004-06-29 00:00:00,4.251759781
2004-06-30 00:00:00,1.767295289
2004-07-01 00:00:00,1.678060038
2004-07-02 00:00:00,3.009682735
2004-07-03 00:00:00,1.678060038
2004-07-04 00:00:00,1.678060038
2004-07-05 00:00:00,2.049821835
2004-07-06 00:00:00,2.27050449
2004-07-07 00:00:00,1.699321306
2004-07-08 00:00:00,2.506163135
2004-07-09 00:00:00,5.65570188
2004-07-10 00:00:00,1.678448017
2004-07-11 00:00:00,1.849546904
2004-07-12 00:00:00,1.678060038
2004-07-13 00:00:00,1.877597808
2004-07-14 00:00:00,2.818137356
2004-07-15 00:00:00,2.103207794
2004-07-16 00:00:00,2.288429152
2004-07-17 00:00:00,1.739205582
2004-07-18 00:00:00,1.697459005
2004-07-19 00:00:00,3.350677759
2004-07-20 00:00:00,2.575456265
2004-07-21 00:00:00,1.678060038
2004-07-22 00:00:00,1.678060038
2004-07-23 00:00:00,1.745258059
2004-07-24 00:00:00,4.998775224
2004-07-25 00:00:00,1.685276453
2004-07-26 00:00:00,1.678060038
2004-07-27 00:00:00,3.561311729
2004-07-28 00:00:00,0
2004-07-29 00:00:00,2.033443983
2004-07-30 00:00:00,21.09848715
2004-07-31 00:00:00,1.678060038
2004-08-01 00:00:00,4.37420608
2004-08-02 00:00:00,1.678060038
2004-08-03 00:00:00,1.8195173
2004-08-04 00:00:00,1.944989832
2004-08-05 00:00:00,1.906735067
2004-08-06 00:00:00,1.678060038
2004-08-07 00:00:00,1.688613076
2004-08-08 00:00:00,1.678060038
2004-08-09 00:00:00,21.01311357
2004-08-10 00:00:00,1.663846689
2004-08-11 00:00:00,1.805744318
2004-08-12 00:00:00,2.321064845
2004-08-13 00:00:00,2.928626499
2004-08-14 00:00:00,3.678777589
2004-08-15 00:00:00,1.882304458
2004-08-16 00:00:00,3.249702554
2004-08-17 00:00:00,4.809615621
2004-08-18 00:00:00,1.675722736
2004-08-19 00:00:00,1.663846689
2004-08-20 00:00:00,1.786604276
2004-08-21 00:00:00,7.727010634
2004-08-22 00:00:00,2.544903302
2004-08-23 00:00:00,1.764005196
2004-08-24 00:00:00,1.708276173
2004-08-25 00:00:00,1.663846689
2004-08-26 00:00:00,1.663846689
2004-08-27 00:00:00,1.663846689
2004-08-28 00:00:00,1.663846689
2004-08-29 00:00:00,1.749477218
2004-08-30 00:00:00,2.032657524
2004-08-31 00:00:00,4.857773141
2004-09-01 00:00:00,1.71196582
2004-09-02 00:00:00,1.685292754
2004-09-03 00:00:00,20.7994738
2004-09-04 00:00:00,1.64898173
2004-09-05 00:00:00,1.64898173
2004-09-06 00:00:00,1.64898173
2004-09-07 00:00:00,1.655699771
2004-09-08 00:00:00,1.64898173
2004-09-09 00:00:00,9.406487133
2004-09-10 00:00:00,3.541102777
2004-09-11 00:00:00,1.662112447
2004-09-12 00:00:00,1.661501716
2004-09-13 00:00:00,1.64898173
2004-09-14 00:00:00,1.64898173
2004-09-15 00:00:00,3.321926704
2004-09-16 00:00:00,1.64898173
2004-09-17 00:00:00,1.65562343
2004-09-18 00:00:00,0
2004-09-19 00:00:00,1.980387552
2004-09-20 00:00:00,1.663846689
2004-09-21 00:00:00,1.663846689
2004-09-22 00:00:00,1.663846689
2004-09-23 00:00:00,1.663846689
2004-09-24 00:00:00,1.663846689
2004-09-25 00:00:00,1.663846689
2004-09-26 00:00:00,1.663846689
2004-09-27 00:00:00,1.663846689
2004-09-28 00:00:00,3.148467888
2004-09-29 00:00:00,1.741175511
2004-09-30 00:00:00,1.67091851
2004-10-01 00:00:00,2.519998227
2004-10-02 00:00:00,1.699667
2004-10-03 00:00:00,2.190428311
2004-10-04 00:00:00,1.663846689
2004-10-05 00:00:00,20.80840574
2004-10-06 00:00:00,1.64898173
2004-10-07 00:00:00,1.64898173
2004-10-08 00:00:00,1.64898173
2004-10-09 00:00:00,1.64898173
2004-10-10 00:00:00,1.64898173
2004-10-11 00:00:00,1.64898173
2004-10-12 00:00:00,1.64898173
2004-10-13 00:00:00,1.64898173
2004-10-14 00:00:00,1.64898173
2004-10-15 00:00:00,3.127981395
2004-10-16 00:00:00,7.307557299
2004-10-17 00:00:00,1.889342559
2004-10-18 00:00:00,1.708260812
2004-10-19 00:00:00,1.690473268
2004-10-20 00:00:00,1.737079678
2004-10-21 00:00:00,1.64898173
2004-10-22 00:00:00,1.64898173
2004-10-23 00:00:00,1.70883337
2004-10-24 00:00:00,20.62943659
2004-10-25 00:00:00,1.634735502
2004-10-26 00:00:00,1.634735502
2004-10-27 00:00:00,1.634735502
2004-10-28 00:00:00,1.634735502
2004-10-29 00:00:00,1.634735502
2004-10-30 00:00:00,1.767916002
2004-10-31 00:00:00,2.380569031
2004-11-01 00:00:00,1.799403976
2004-11-02 00:00:00,20.49831452
2004-11-03 00:00:00,3.553052254
2004-11-04 00:00:00,1.619425587
2004-11-05 00:00:00,0
2004-11-06 00:00:00,20.57365551
2004-11-07 00:00:00,1.619425587
2004-11-08 00:00:00,1.619425587
2004-11-09 00:00:00,1.657774155
2004-11-10 00:00:00,1.619425587
2004-11-11 00:00:00,1.619425587
2004-11-12 00:00:00,1.619425587
2004-11-13 00:00:00,1.639541633
2004-11-14 00:00:00,1.619425587
2004-11-15 00:00:00,1.619425587
2004-11-16 00:00:00,1.619425587
2004-11-17 00:00:00,1.619425587
2004-11-18 00:00:00,1.619425587
2004-11-19 00:00:00,1.619425587
2004-11-20 00:00:00,20.39825824
2004-11-21 00:00:00,0
2004-11-22 00:00:00,20.44071729
2004-11-23 00:00:00,1.604087836
2004-11-24 00:00:00,1.604087836
2004-11-25 00:00:00,0
2004-11-26 00:00:00,3.413633749
2004-11-27 00:00:00,1.619425587
2004-11-28 00:00:00,1.619425587
2004-11-29 00:00:00,5.793881759
2004-11-30 00:00:00,1.619425587
2004-12-01 00:00:00,0
2004-12-02 00:00:00,2.608554074
2004-12-03 00:00:00,1.840221021
2004-12-04 00:00:00,1.634962578
2004-12-05 00:00:00,1.634735502
2004-12-06 00:00:00,1.634735502
2004-12-07 00:00:00,2.134644925
2004-12-08 00:00:00,4.003183678
2004-12-09 00:00:00,1.634735502
2004-12-10 00:00:00,1.955102924
2004-12-11 00:00:00,4.072896187
2004-12-12 00:00:00,1.635341039
2004-12-13 00:00:00,1.740004492
2004-12-14 00:00:00,1.636533192
2004-12-15 00:00:00,1.634735502
2004-12-16 00:00:00,1.639182421
2004-12-17 00:00:00,1.669516087
2004-12-18 00:00:00,20.49831452
2004-12-19 00:00:00,1.619425587
2004-12-20 00:00:00,2.812092375
2004-12-21 00:00:00,1.619425587
2004-12-22 00:00:00,1.619425587
2004-12-23 00:00:00,1.76438166
2004-12-24 00:00:00,0
2004-12-25 00:00:00,1.714761124
2004-12-26 00:00:00,1.634735502
2004-12-27 00:00:00,2.549533012
2004-12-28 00:00:00,1.661568402
2004-12-29 00:00:00,1.634735502
2004-12-30 00:00:00,20.49831452
2004-12-31 00:00:00,1.820510704
2005-01-01 00:00:00,1.623908376
2005-01-02 00:00:00,1.619425587
2005-01-03 00:00:00,2.064615523
2005-01-04 00:00:00,2.604735127
2005-01-05 00:00:00,1.619425587
2005-01-06 00:00:00,2.005717715
2005-01-07 00:00:00,3.434578514
2005-01-08 00:00:00,1.695143289
2005-01-09 00:00:00,2.820153877
2005-01-10 00:00:00,1.70893069
2005-01-11 00:00:00,1.65521256
2005-01-12 00:00:00,2.08311174
2005-01-13 00:00:00,2.519110085
2005-01-14 00:00:00,4.291092622
2005-01-15 00:00:00,2.134531973
2005-01-16 00:00:00,1.619425587
2005-01-17 00:00:00,1.81320263
2005-01-18 00:00:00,1.619425587
2005-01-19 00:00:00,1.627863778
2005-01-20 00:00:00,2.003118445
2005-01-21 00:00:00,20.41112349
2005-01-22 00:00:00,1.612902215
2005-01-23 00:00:00,3.280826424
2005-01-24 00:00:00,1.889936247
2005-01-25 00:00:00,1.606132022
2005-01-26 00:00:00,2.288683741
2005-01-27 00:00:00,1.604087836
2005-01-28 00:00:00,1.604087836
2005-01-29 00:00:00,1.604087836
2005-01-30 00:00:00,1.604087836
2005-01-31 00:00:00,20.30286818
2005-02-01 00:00:00,1.588787233
2005-02-02 00:00:00,1.588787233
2005-02-03 00:00:00,1.593306557
2005-02-04 00:00:00,1.75432149
2005-02-05 00:00:00,1.588787233
2005-02-06 00:00:00,1.588787233
2005-02-07 00:00:00,1.588787233
2005-02-08 00:00:00,20.22703904
2005-02-09 00:00:00,1.612066068
2005-02-10 00:00:00,5.444576756
2005-02-11 00:00:00,4.036498515
2005-02-12 00:00:00,1.573468453
2005-02-13 00:00:00,1.753807673
2005-02-14 00:00:00,1.573468453
2005-02-15 00:00:00,3.795463443
2005-02-16 00:00:00,1.680611714
2005-02-17 00:00:00,2.847598959
2005-02-18 00:00:00,1.573468453
2005-02-19 00:00:00,1.573468453
2005-02-20 00:00:00,1.573468453
2005-02-21 00:00:00,2.72001295
2005-02-22 00:00:00,0
2005-02-23 00:00:00,1.838545242
2005-02-24 00:00:00,20.23632106
2005-02-25 00:00:00,0
2005-02-26 00:00:00,1.588787233
2005-02-27 00:00:00,20.21578527
2005-02-28 00:00:00,1.578379185
2005-03-01 00:00:00,0
2005-03-02 00:00:00,2.185132574
2005-03-03 00:00:00,1.588787233
2005-03-04 00:00:00,1.593306557
2005-03-05 00:00:00,1.588787233
2005-03-06 00:00:00,1.588787233
2005-03-07 00:00:00,20.22173768
2005-03-08 00:00:00,0
2005-03-09 00:00:00,3.968248666
2005-03-10 00:00:00,1.596163815
2005-03-11 00:00:00,1.591476418
2005-03-12 00:00:00,2.607913454
2005-03-13 00:00:00,4.040613948
2005-03-14 00:00:00,1.588787233
2005-03-15 00:00:00,1.588787233
2005-03-16 00:00:00,1.588787233
2005-03-17 00:00:00,1.593343907
2005-03-18 00:00:00,1.588787233
2005-03-19 00:00:00,1.588787233
2005-03-20 00:00:00,1.588787233
2005-03-21 00:00:00,1.593343907
2005-03-22 00:00:00,1.593269207
2005-03-23 00:00:00,1.593269207
2005-03-24 00:00:00,2.136110988
2005-03-25 00:00:00,1.596668038
2005-03-26 00:00:00,1.588787233
2005-03-27 00:00:00,1.588787233
2005-03-28 00:00:00,5.272895289
2005-03-29 00:00:00,6.391782923
2005-03-30 00:00:00,0
2005-03-31 00:00:00,1.604087836
2005-04-01 00:00:00,1.850890441
2005-04-02 00:00:00,0
2005-04-03 00:00:00,0
2005-04-04 00:00:00,0
2005-04-05 00:00:00,0
2005-04-06 00:00:00,1.672993936
2005-04-07 00:00:00,0
2005-04-08 00:00:00,2.621936163
2005-04-09 00:00:00,0
2005-04-10 00:00:00,1.694714215
2005-04-11 00:00:00,1.694714215
2005-04-12 00:00:00,1.694714215
2005-04-13 00:00:00,1.709365561
2005-04-14 00:00:00,1.694714215
2005-04-15 00:00:00,1.694714215
2005-04-16 00:00:00,1.704021901
2005-04-17 00:00:00,1.694714215
2005-04-18 00:00:00,1.694714215
2005-04-19 00:00:00,1.694714215
2005-04-20 00:00:00,1.699222322
2005-04-21 00:00:00,3.93073485
2005-04-22 00:00:00,1.694714215
2005-04-23 00:00:00,3.625077498
2005-04-24 00:00:00,9.027343114
2005-04-25 00:00:00,0
2005-04-26 00:00:00,1.771830511
2005-04-27 00:00:00,2.381334056
2005-04-28 00:00:00,4.560049553
2005-04-29 00:00:00,2.035913707
2005-04-30 00:00:00,2.070494624
2005-05-01 00:00:00,23.38934816
2005-05-02 00:00:00,1.694714215
2005-05-03 00:00:00,2.344542155
2005-05-04 00:00:00,1.694714215
2005-05-05 00:00:00,1.694714215
2005-05-06 00:00:00,1.694714215
2005-05-07 00:00:00,1.707344685
2005-05-08 00:00:00,3.166494269
2005-05-09 00:00:00,1.694714215
2005-05-10 00:00:00,1.694714215
2005-05-11 00:00:00,1.694714215
2005-05-12 00:00:00,1.715855679
2005-05-13 00:00:00,1.694714215
2005-05-14 00:00:00,21.09848715
2005-05-15 00:00:00,0
2005-05-16 00:00:00,2.22371716
2005-05-17 00:00:00,1.694714215
2005-05-18 00:00:00,1.704857454
2005-05-19 00:00:00,21.31447525
2005-05-20 00:00:00,1.699398901
2005-05-21 00:00:00,1.678060038
2005-05-22 00:00:00,0
2005-05-23 00:00:00,3.183613428
2005-05-24 00:00:00,5.64373741
2005-05-25 00:00:00,3.662813412
2005-05-26 00:00:00,3.6828667
2005-05-27 00:00:00,0
2005-05-28 00:00:00,1.878568509
2005-05-29 00:00:00,1.729430943
2005-05-30 00:00:00,2.703609674
2005-05-31 00:00:00,3.042300554
2005-06-01 00:00:00,1.82348797
2005-06-02 00:00:00,1.711615344
2005-06-03 00:00:00,1.711615344
2005-06-04 00:00:00,1.725618872
2005-06-05 00:00:00,1.716283187
2005-06-06 00:00:00,1.711615344
2005-06-07 00:00:00,3.755741404
2005-06-08 00:00:00,21.14254305
2005-06-09 00:00:00,2.495913557
2005-06-10 00:00:00,4.737608062
2005-06-11 00:00:00,3.712324887
2005-06-12 00:00:00,2.686653019
2005-06-13 00:00:00,2.233432899
2005-06-14 00:00:00,0
2005-06-15 00:00:00,3.693522925
2005-06-16 00:00:00,2.175754481
2005-06-17 00:00:00,4.029665909
2005-06-18 00:00:00,4.867465884
2005-06-19 00:00:00,2.242582421
2005-06-20 00:00:00,1.724996493
2005-06-21 00:00:00,1.712393318
2005-06-22 00:00:00,1.760394298
2005-06-23 00:00:00,1.711615344
2005-06-24 00:00:00,1.711615344
2005-06-25 00:00:00,21.134615
2005-06-26 00:00:00,1.694714215
2005-06-27 00:00:00,1.694714215
2005-06-28 00:00:00,3.200965724
2005-06-29 00:00:00,6.028403222
2005-06-30 00:00:00,3.375849172
2005-07-01 00:00:00,1.770419309
2005-07-02 00:00:00,2.970430606
2005-07-03 00:00:00,1.694714215
2005-07-04 00:00:00,1.696268735
2005-07-05 00:00:00,1.697823254
2005-07-06 00:00:00,2.182755569
2005-07-07 00:00:00,4.157616943
2005-07-08 00:00:00,1.697823254
2005-07-09 00:00:00,6.263252267
2005-07-10 00:00:00,2.302764448
2005-07-11 00:00:00,1.706606289
2005-07-12 00:00:00,1.694714215
2005-07-13 00:00:00,1.801431968
2005-07-14 00:00:00,21.09848715
2005-07-15 00:00:00,2.750590107
2005-07-16 00:00:00,1.678060038
2005-07-17 00:00:00,1.678060038
2005-07-18 00:00:00,2.601916457
2005-07-19 00:00:00,3.39529542
2005-07-20 00:00:00,2.573671528
2005-07-21 00:00:00,1.678060038
2005-07-22 00:00:00,1.685470443
2005-07-23 00:00:00,3.366410347
2005-07-24 00:00:00,1.678060038
2005-07-25 00:00:00,1.678060038
2005-07-26 00:00:00,1.695014735
2005-07-27 00:00:00,1.74168865
2005-07-28 00:00:00,3.928262754
2005-07-29 00:00:00,1.678060038
2005-07-30 00:00:00,1.678060038
2005-07-31 00:00:00,1.681939831
2005-08-01 00:00:00,21.53158565
2005-08-02 00:00:00,3.125484482
2005-08-03 00:00:00,1.663846689
2005-08-04 00:00:00,1.663846689
2005-08-05 00:00:00,1.817120724
2005-08-06 00:00:00,1.663846689
2005-08-07 00:00:00,1.663846689
2005-08-08 00:00:00,1.663846689
2005-08-09 00:00:00,1.663846689
2005-08-10 00:00:00,1.663846689
2005-08-11 00:00:00,1.663846689
2005-08-12 00:00:00,1.663846689
2005-08-13 00:00:00,4.50671873
2005-08-14 00:00:00,2.10506681
2005-08-15 00:00:00,5.826920191
2005-08-16 00:00:00,1.680988168
2005-08-17 00:00:00,1.670841642
2005-08-18 00:00:00,1.663846689
2005-08-19 00:00:00,1.663846689
2005-08-20 00:00:00,2.289625978
2005-08-21 00:00:00,21.99349113
2005-08-22 00:00:00,1.951064547
2005-08-23 00:00:00,1.690816804
2005-08-24 00:00:00,1.652188068
2005-08-25 00:00:00,1.946331388
2005-08-26 00:00:00,1.64898173
2005-08-27 00:00:00,1.64898173
2005-08-28 00:00:00,3.914488461
2005-08-29 00:00:00,3.550187358
2005-08-30 00:00:00,3.031295041
2005-08-31 00:00:00,3.875401641
2005-09-01 00:00:00,0
2005-09-02 00:00:00,1.663846689
2005-09-03 00:00:00,1.663846689
2005-09-04 00:00:00,1.688521194
2005-09-05 00:00:00,1.670188267
2005-09-06 00:00:00,1.663846689
2005-09-07 00:00:00,20.7994738
2005-09-08 00:00:00,1.64898173
2005-09-09 00:00:00,1.64898173
2005-09-10 00:00:00,1.64898173
2005-09-11 00:00:00,1.64898173
2005-09-12 00:00:00,1.64898173
2005-09-13 00:00:00,1.64898173
2005-09-14 00:00:00,1.64898173
2005-09-15 00:00:00,3.198024589
2005-09-16 00:00:00,3.015339694
2005-09-17 00:00:00,2.500035414
2005-09-18 00:00:00,1.915489486
2005-09-19 00:00:00,1.64898173
2005-09-20 00:00:00,2.267537736
2005-09-21 00:00:00,1.64898173
2005-09-22 00:00:00,1.64898173
2005-09-23 00:00:00,1.64898173
2005-09-24 00:00:00,1.64898173
2005-09-25 00:00:00,1.64898173
2005-09-26 00:00:00,2.195891375
2005-09-27 00:00:00,4.578429365
2005-09-28 00:00:00,1.655432576
2005-09-29 00:00:00,3.199742457
2005-09-30 00:00:00,3.104926274
2005-10-01 00:00:00,1.670204633
2005-10-02 00:00:00,1.64898173
2005-10-03 00:00:00,1.64898173
2005-10-04 00:00:00,1.655928795
2005-10-05 00:00:00,1.64898173
2005-10-06 00:00:00,20.62943659
2005-10-07 00:00:00,1.648360105
2005-10-08 00:00:00,9.258004156
2005-10-09 00:00:00,0
2005-10-10 00:00:00,0
2005-10-11 00:00:00,0
2005-10-12 00:00:00,2.152111769
2005-10-13 00:00:00,21.88930462
2005-10-14 00:00:00,1.892183051
2005-10-15 00:00:00,14.6088253
2005-10-16 00:00:00,0
2005-10-17 00:00:00,1.797049312
2005-10-18 00:00:00,1.84238638
2005-10-19 00:00:00,21.40050371
2005-10-20 00:00:00,1.711615344
2005-10-21 00:00:00,21.134615
2005-10-22 00:00:00,1.866430308
2005-10-23 00:00:00,26.32792501
2005-10-24 00:00:00,2.056553285
2005-10-25 00:00:00,9.162976855
2005-10-26 00:00:00,0
2005-10-27 00:00:00,1.752425746
2005-10-28 00:00:00,1.694714215
2005-10-29 00:00:00,1.695569201
2005-10-30 00:00:00,21.10300711
2005-10-31 00:00:00,1.678060038
2005-11-01 00:00:00,20.97218156
2005-11-02 00:00:00,1.886378441
2005-11-03 00:00:00,1.663846689
2005-11-04 00:00:00,20.7994738
2005-11-05 00:00:00,1.64898173
2005-11-06 00:00:00,1.64898173
2005-11-07 00:00:00,2.976634614
2005-11-08 00:00:00,20.69585653
2005-11-09 00:00:00,1.634735502
2005-11-10 00:00:00,6.806010779
2005-11-11 00:00:00,1.634735502
2005-11-12 00:00:00,1.634735502
2005-11-13 00:00:00,1.634735502
2005-11-14 00:00:00,1.655399484
2005-11-15 00:00:00,3.426749369
2005-11-16 00:00:00,3.154560056
2005-11-17 00:00:00,5.694034817
2005-11-18 00:00:00,1.645900108
2005-11-19 00:00:00,1.639466267
2005-11-20 00:00:00,1.634735502
2005-11-21 00:00:00,1.634735502
2005-11-22 00:00:00,3.751885456
2005-11-23 00:00:00,5.451819727
2005-11-24 00:00:00,2.642539888
2005-11-25 00:00:00,2.085388203
2005-11-26 00:00:00,1.634735502
2005-11-27 00:00:00,1.654112715
2005-11-28 00:00:00,0
2005-11-29 00:00:00,1.831972012
2005-11-30 00:00:00,6.648177718
2005-12-01 00:00:00,1.906519378
2005-12-02 00:00:00,0
2005-12-03 00:00:00,20.9110849
2005-12-04 00:00:00,1.931826526
2005-12-05 00:00:00,1.653562212
2005-12-06 00:00:00,1.64898173
2005-12-07 00:00:00,1.666750185
2005-12-08 00:00:00,1.659974888
2005-12-09 00:00:00,2.910904695
2005-12-10 00:00:00,21.76368487
2005-12-11 00:00:00,1.634735502
2005-12-12 00:00:00,1.667756243
2005-12-13 00:00:00,1.65871102
2005-12-14 00:00:00,1.640980112
2005-12-15 00:00:00,20.49831452
2005-12-16 00:00:00,0
2005-12-17 00:00:00,21.53387647
2005-12-18 00:00:00,1.619425587
2005-12-19 00:00:00,1.639918338
2005-12-20 00:00:00,1.620819395
2005-12-21 00:00:00,1.626865511
2005-12-22 00:00:00,1.62646997
2005-12-23 00:00:00,20.39825824
2005-12-24 00:00:00,2.010543208
2005-12-25 00:00:00,1.610276655
2005-12-26 00:00:00,0
2005-12-27 00:00:00,2.74810903
2005-12-28 00:00:00,1.619425587
2005-12-29 00:00:00,1.716182268
2005-12-30 00:00:00,4.90231527
2005-12-31 00:00:00,1.626733664
2006-01-01 00:00:00,2.015041153
2006-01-02 00:00:00,1.619425587
2006-01-03 00:00:00,1.91216302
2006-01-04 00:00:00,1.619425587
2006-01-05 00:00:00,2.301299262
2006-01-06 00:00:00,1.813956034
2006-01-07 00:00:00,1.626809005
2006-01-08 00:00:00,1.770182929
2006-01-09 00:00:00,1.900598176
2006-01-10 00:00:00,1.681242872
2006-01-11 00:00:00,1.619425587
2006-01-12 00:00:00,3.741009164
2006-01-13 00:00:00,1.619425587
2006-01-14 00:00:00,4.017981554
2006-01-15 00:00:00,4.484172757
2006-01-16 00:00:00,0
2006-01-17 00:00:00,1.634811194
2006-01-18 00:00:00,22.75775331
2006-01-19 00:00:00,0
2006-01-20 00:00:00,1.64898173
2006-01-21 00:00:00,1.657073916
2006-01-22 00:00:00,1.714349034
2006-01-23 00:00:00,2.821279939
2006-01-24 00:00:00,2.519578811
2006-01-25 00:00:00,1.780956884
2006-01-26 00:00:00,1.791053037
2006-01-27 00:00:00,1.64898173
2006-01-28 00:00:00,20.62943659
2006-01-29 00:00:00,1.634735502
2006-01-30 00:00:00,3.061874933
2006-01-31 00:00:00,2.435067437
2006-02-01 00:00:00,1.671862547
2006-02-02 00:00:00,1.634735502
2006-02-03 00:00:00,3.992208263
2006-02-04 00:00:00,2.892437835
2006-02-05 00:00:00,5.975080125
2006-02-06 00:00:00,1.681570076
2006-02-07 00:00:00,1.645635185
2006-02-08 00:00:00,1.634735502
2006-02-09 00:00:00,1.634735502
2006-02-10 00:00:00,1.642531803
2006-02-11 00:00:00,1.634735502
2006-02-12 00:00:00,2.091500345
2006-02-13 00:00:00,1.74310787
2006-02-14 00:00:00,20.49831452
2006-02-15 00:00:00,1.619425587
2006-02-16 00:00:00,1.619425587
2006-02-17 00:00:00,2.276399075
2006-02-18 00:00:00,1.763458734
2006-02-19 00:00:00,1.619425587
2006-02-20 00:00:00,1.619425587
2006-02-21 00:00:00,1.619425587
2006-02-22 00:00:00,1.619425587
2006-02-23 00:00:00,20.42145694
2006-02-24 00:00:00,2.13330688
2006-02-25 00:00:00,1.763496812
2006-02-26 00:00:00,2.88489208
2006-02-27 00:00:00,1.615490266
2006-02-28 00:00:00,1.604087836
2006-03-01 00:00:00,1.604087836
2006-03-02 00:00:00,1.604087836
2006-03-03 00:00:00,1.604087836
2006-03-04 00:00:00,1.610858029
2006-03-05 00:00:00,1.604087836
2006-03-06 00:00:00,20.30286818
2006-03-07 00:00:00,1.588787233
2006-03-08 00:00:00,1.588787233
2006-03-09 00:00:00,1.588787233
2006-03-10 00:00:00,2.507218446
2006-03-11 00:00:00,1.613923639
2006-03-12 00:00:00,1.588787233
2006-03-13 00:00:00,2.323420166
2006-03-14 00:00:00,6.415313235
2006-03-15 00:00:00,0
2006-03-16 00:00:00,1.691800279
2006-03-17 00:00:00,1.604087836
2006-03-18 00:00:00,1.604087836
2006-03-19 00:00:00,1.61504017
2006-03-20 00:00:00,1.604087836
2006-03-21 00:00:00,1.632143815
2006-03-22 00:00:00,1.604087836
2006-03-23 00:00:00,1.604087836
2006-03-24 00:00:00,20.3029989
2006-03-25 00:00:00,1.683618338
2006-03-26 00:00:00,1.588787233
2006-03-27 00:00:00,1.602961477
2006-03-28 00:00:00,1.588787233
2006-03-29 00:00:00,1.588787233
2006-03-30 00:00:00,1.588787233
2006-03-31 00:00:00,1.588787233
2006-04-01 00:00:00,0
2006-04-02 00:00:00,2.055740337
2006-04-03 00:00:00,1.677003375
2006-04-04 00:00:00,7.515947756
2006-04-05 00:00:00,2.385904459
2006-04-06 00:00:00,0
2006-04-07 00:00:00,1.652236591
2006-04-08 00:00:00,2.838103852
2006-04-09 00:00:00,1.619425587
2006-04-10 00:00:00,1.619425587
2006-04-11 00:00:00,1.619425587
2006-04-12 00:00:00,1.619425587
2006-04-13 00:00:00,0
2006-04-14 00:00:00,1.634735502
2006-04-15 00:00:00,1.759438475
2006-04-16 00:00:00,1.674057623
2006-04-17 00:00:00,1.634735502
2006-04-18 00:00:00,1.661984709
2006-04-19 00:00:00,1.634735502
2006-04-20 00:00:00,1.634735502
2006-04-21 00:00:00,1.634735502
2006-04-22 00:00:00,1.642153341
2006-04-23 00:00:00,3.718240195
2006-04-24 00:00:00,4.869140762
2006-04-25 00:00:00,0
2006-04-26 00:00:00,1.687381443
2006-04-27 00:00:00,1.64898173
2006-04-28 00:00:00,1.64898173
2006-04-29 00:00:00,1.64898173
2006-04-30 00:00:00,1.64898173
2006-05-01 00:00:00,1.64898173
2006-05-02 00:00:00,2.293799171
2006-05-03 00:00:00,5.673126554
2006-05-04 00:00:00,0
2006-05-05 00:00:00,1.825806758
2006-05-06 00:00:00,1.671840921
2006-05-07 00:00:00,1.728953565
2006-05-08 00:00:00,1.663846689
2006-05-09 00:00:00,1.663846689
2006-05-10 00:00:00,2.031888848
2006-05-11 00:00:00,1.825729893
2006-05-12 00:00:00,2.682919132
2006-05-13 00:00:00,6.913905063
2006-05-14 00:00:00,0
2006-05-15 00:00:00,0
2006-05-16 00:00:00,0
2006-05-17 00:00:00,4.005798968
2006-05-18 00:00:00,2.130690664
2006-05-19 00:00:00,25.20108575
2006-05-20 00:00:00,0
2006-05-21 00:00:00,21.45660459
2006-05-22 00:00:00,2.585049123
2006-05-23 00:00:00,21.26703261
2006-05-24 00:00:00,21.21298271
2006-05-25 00:00:00,1.728420525
2006-05-26 00:00:00,21.17563039
2006-05-27 00:00:00,2.045521675
2006-05-28 00:00:00,21.134615
2006-05-29 00:00:00,1.700155033
2006-05-30 00:00:00,1.694714215
2006-05-31 00:00:00,21.47350799
2006-06-01 00:00:00,1.690087398
2006-06-02 00:00:00,5.639367962
2006-06-03 00:00:00,6.411407958
2006-06-04 00:00:00,4.317017945
2006-06-05 00:00:00,1.790186067
2006-06-06 00:00:00,1.678060038
2006-06-07 00:00:00,2.444008846
2006-06-08 00:00:00,0
2006-06-09 00:00:00,2.267593457
2006-06-10 00:00:00,0
2006-06-11 00:00:00,0
2006-06-12 00:00:00,1.750928399
2006-06-13 00:00:00,21.21298271
2006-06-14 00:00:00,2.042196633
2006-06-15 00:00:00,21.89949606
2006-06-16 00:00:00,1.711615344
2006-06-17 00:00:00,1.711615344
2006-06-18 00:00:00,21.2091542
2006-06-19 00:00:00,1.694714215
2006-06-20 00:00:00,3.544747716
2006-06-21 00:00:00,2.500421592
2006-06-22 00:00:00,1.717643376
2006-06-23 00:00:00,2.12617106
2006-06-24 00:00:00,3.288912676
2006-06-25 00:00:00,1.695258297
2006-06-26 00:00:00,5.74485897
2006-06-27 00:00:00,2.925815782
2006-06-28 00:00:00,5.638374543
2006-06-29 00:00:00,0
2006-06-30 00:00:00,3.109089613
2006-07-01 00:00:00,1.810262412
2006-07-02 00:00:00,21.40183688
2006-07-03 00:00:00,1.745624723
2006-07-04 00:00:00,1.694714215
2006-07-05 00:00:00,1.717643376
2006-07-06 00:00:00,1.694714215
2006-07-07 00:00:00,1.694714215
2006-07-08 00:00:00,21.09848715
2006-07-09 00:00:00,1.678060038
2006-07-10 00:00:00,1.727023033
2006-07-11 00:00:00,2.82213355
2006-07-12 00:00:00,1.766674517
2006-07-13 00:00:00,0
2006-07-14 00:00:00,0
2006-07-15 00:00:00,1.711615344
2006-07-16 00:00:00,21.14067763
2006-07-17 00:00:00,1.694714215
2006-07-18 00:00:00,1.694714215
2006-07-19 00:00:00,1.889223445
2006-07-20 00:00:00,21.09848715
2006-07-21 00:00:00,1.894591308
2006-07-22 00:00:00,5.232105997
2006-07-23 00:00:00,0
2006-07-24 00:00:00,1.712899001
2006-07-25 00:00:00,1.711615344
2006-07-26 00:00:00,1.760472097
2006-07-27 00:00:00,21.28050665
2006-07-28 00:00:00,1.781145493
2006-07-29 00:00:00,3.040617091
2006-07-30 00:00:00,2.475860212
2006-07-31 00:00:00,21.10283252
2006-08-01 00:00:00,2.727544166
2006-08-02 00:00:00,1.678060038
2006-08-03 00:00:00,2.262356934
2006-08-04 00:00:00,5.651434092
2006-08-05 00:00:00,1.678060038
2006-08-06 00:00:00,1.678060038
2006-08-07 00:00:00,1.993409637
2006-08-08 00:00:00,1.678060038
2006-08-09 00:00:00,1.678060038
2006-08-10 00:00:00,20.97744699
2006-08-11 00:00:00,3.077288471
2006-08-12 00:00:00,1.663846689
2006-08-13 00:00:00,1.663846689
2006-08-14 00:00:00,1.663846689
2006-08-15 00:00:00,2.185162885
2006-08-16 00:00:00,1.663846689
2006-08-17 00:00:00,1.663846689
2006-08-18 00:00:00,20.7994738
2006-08-19 00:00:00,1.64898173
2006-08-20 00:00:00,0
2006-08-21 00:00:00,3.000113371
2006-08-22 00:00:00,1.679527684
2006-08-23 00:00:00,2.169251286
2006-08-24 00:00:00,1.684293476
2006-08-25 00:00:00,1.853786578
2006-08-26 00:00:00,20.91039783
2006-08-27 00:00:00,3.169511188
2006-08-28 00:00:00,0
2006-08-29 00:00:00,1.766695563
2006-08-30 00:00:00,20.92497903
2006-08-31 00:00:00,1.64898173
2006-09-01 00:00:00,1.64898173
2006-09-02 00:00:00,1.64898173
2006-09-03 00:00:00,3.404833368
2006-09-04 00:00:00,2.280706634
2006-09-05 00:00:00,1.660585619
2006-09-06 00:00:00,2.296203922
2006-09-07 00:00:00,1.64898173
2006-09-08 00:00:00,1.654325626
2006-09-09 00:00:00,1.64898173
2006-09-10 00:00:00,3.199856839
2006-09-11 00:00:00,1.64898173
2006-09-12 00:00:00,1.64898173
2006-09-13 00:00:00,1.651959044
2006-09-14 00:00:00,1.846782241
2006-09-15 00:00:00,2.180775765
2006-09-16 00:00:00,1.64898173
2006-09-17 00:00:00,1.658524402
2006-09-18 00:00:00,1.64898173
2006-09-19 00:00:00,1.64898173
2006-09-20 00:00:00,3.286771454
2006-09-21 00:00:00,1.661787996
2006-09-22 00:00:00,1.64898173
2006-09-23 00:00:00,2.505073936
2006-09-24 00:00:00,2.767917333
2006-09-25 00:00:00,1.815558619
2006-09-26 00:00:00,1.64898173
2006-09-27 00:00:00,1.64898173
2006-09-28 00:00:00,1.64898173
2006-09-29 00:00:00,3.880669301
2006-09-30 00:00:00,1.784449507
2006-10-01 00:00:00,3.492683188
2006-10-02 00:00:00,3.280664137
2006-10-03 00:00:00,1.663791957
2006-10-04 00:00:00,1.711066355
2006-10-05 00:00:00,2.676154957
2006-10-06 00:00:00,1.64898173
2006-10-07 00:00:00,1.64898173
2006-10-08 00:00:00,1.64898173
2006-10-09 00:00:00,1.64898173
2006-10-10 00:00:00,1.64898173
2006-10-11 00:00:00,1.64898173
2006-10-12 00:00:00,0
2006-10-13 00:00:00,1.679912021
2006-10-14 00:00:00,1.663846689
2006-10-15 00:00:00,1.663846689
2006-10-16 00:00:00,1.663846689
2006-10-17 00:00:00,1.663846689
2006-10-18 00:00:00,4.888308758
2006-10-19 00:00:00,1.709967259
2006-10-20 00:00:00,2.935909706
2006-10-21 00:00:00,6.234856522
2006-10-22 00:00:00,1.665230306
2006-10-23 00:00:00,3.364677265
2006-10-24 00:00:00,1.768386649
2006-10-25 00:00:00,1.670072966
2006-10-26 00:00:00,20.80516124
2006-10-27 00:00:00,1.64898173
2006-10-28 00:00:00,7.859810809
2006-10-29 00:00:00,0
2006-10-30 00:00:00,1.665153438
2006-10-31 00:00:00,1.663846689
2006-11-01 00:00:00,1.669842363
2006-11-02 00:00:00,3.18659422
2006-11-03 00:00:00,1.676145508
2006-11-04 00:00:00,20.7994738
2006-11-05 00:00:00,1.64898173
2006-11-06 00:00:00,1.64898173
2006-11-07 00:00:00,20.62943659
2006-11-08 00:00:00,2.061147748
2006-11-09 00:00:00,0
2006-11-10 00:00:00,1.657531964
2006-11-11 00:00:00,1.64898173
2006-11-12 00:00:00,1.654860016
2006-11-13 00:00:00,5.24637826
2006-11-14 00:00:00,3.81780209
2006-11-15 00:00:00,1.850790157
2006-11-16 00:00:00,1.730972366
2006-11-17 00:00:00,0
2006-11-18 00:00:00,1.663846689
2006-11-19 00:00:00,1.663846689
2006-11-20 00:00:00,20.7994738
2006-11-21 00:00:00,1.64898173
2006-11-22 00:00:00,1.64898173
2006-11-23 00:00:00,1.64898173
2006-11-24 00:00:00,1.746660526
2006-11-25 00:00:00,20.62943659
2006-11-26 00:00:00,1.634735502
2006-11-27 00:00:00,1.634735502
2006-11-28 00:00:00,1.634886886
2006-11-29 00:00:00,1.851328855
2006-11-30 00:00:00,1.636892731
2006-12-01 00:00:00,2.15720121
2006-12-02 00:00:00,6.498075708
2006-12-03 00:00:00,1.634735502
2006-12-04 00:00:00,1.640790881
2006-12-05 00:00:00,1.634735502
2006-12-06 00:00:00,1.634735502
2006-12-07 00:00:00,20.49831452
2006-12-08 00:00:00,1.857616144
2006-12-09 00:00:00,1.619425587
2006-12-10 00:00:00,1.619425587
2006-12-11 00:00:00,1.626093265
2006-12-12 00:00:00,1.619425587
2006-12-13 00:00:00,1.646962722
2006-12-14 00:00:00,2.095354639
2006-12-15 00:00:00,1.619425587
2006-12-16 00:00:00,20.44103611
2006-12-17 00:00:00,1.604087836
2006-12-18 00:00:00,1.614196241
2006-12-19 00:00:00,1.604988028
2006-12-20 00:00:00,1.604087836
2006-12-21 00:00:00,1.604087836
2006-12-22 00:00:00,1.604087836
2006-12-23 00:00:00,5.739306595
2006-12-24 00:00:00,1.662937878
2006-12-25 00:00:00,1.604087836
2006-12-26 00:00:00,3.597768964
2006-12-27 00:00:00,1.684579991
2006-12-28 00:00:00,1.604087836
2006-12-29 00:00:00,1.604087836
2006-12-30 00:00:00,1.720512647
2006-12-31 00:00:00,1.753744735
2007-01-01 00:00:00,3.756108952
2007-01-02 00:00:00,1.820171385
2007-01-03 00:00:00,1.604087836
2007-01-04 00:00:00,1.604087836
2007-01-05 00:00:00,1.879246483
2007-01-06 00:00:00,3.616241657
2007-01-07 00:00:00,0
2007-01-08 00:00:00,4.418362413
2007-01-09 00:00:00,2.232908477
2007-01-10 00:00:00,1.624887809
2007-01-11 00:00:00,1.646096299
2007-01-12 00:00:00,1.619425587
2007-01-13 00:00:00,1.702036989
2007-01-14 00:00:00,1.727916621
2007-01-15 00:00:00,2.884815284
2007-01-16 00:00:00,0
2007-01-17 00:00:00,20.62769385
2007-01-18 00:00:00,1.619425587
2007-01-19 00:00:00,1.712584727
2007-01-20 00:00:00,1.759258476
2007-01-21 00:00:00,1.619425587
2007-01-22 00:00:00,1.619425587
2007-01-23 00:00:00,1.693184424
2007-01-24 00:00:00,1.644928514
2007-01-25 00:00:00,20.39825824
2007-01-26 00:00:00,1.604087836
2007-01-27 00:00:00,1.64549666
2007-01-28 00:00:00,1.604162852
2007-01-29 00:00:00,1.604087836
2007-01-30 00:00:00,1.604087836
2007-01-31 00:00:00,1.604087836
2007-02-01 00:00:00,1.604087836
2007-02-02 00:00:00,1.604087836
2007-02-03 00:00:00,21.47736953
2007-02-04 00:00:00,1.588787233
2007-02-05 00:00:00,1.596406589
2007-02-06 00:00:00,1.588787233
2007-02-07 00:00:00,1.588787233
2007-02-08 00:00:00,1.588787233
2007-02-09 00:00:00,1.599637345
2007-02-10 00:00:00,1.588787233
2007-02-11 00:00:00,1.588787233
2007-02-12 00:00:00,20.21117216
2007-02-13 00:00:00,0
2007-02-14 00:00:00,22.8128932
2007-02-15 00:00:00,0
2007-02-16 00:00:00,1.610860956
2007-02-17 00:00:00,1.588787233
2007-02-18 00:00:00,1.588787233
2007-02-19 00:00:00,1.596817437
2007-02-20 00:00:00,1.588787233
2007-02-21 00:00:00,1.623671933
2007-02-22 00:00:00,1.588787233
2007-02-23 00:00:00,2.012221752
2007-02-24 00:00:00,1.588787233
2007-02-25 00:00:00,1.588787233
2007-02-26 00:00:00,1.635399763
2007-02-27 00:00:00,1.588787233
2007-02-28 00:00:00,1.588787233
2007-03-01 00:00:00,1.588787233
2007-03-02 00:00:00,5.239429914
2007-03-03 00:00:00,2.406990299
2007-03-04 00:00:00,1.783062146
2007-03-05 00:00:00,1.70543061
2007-03-06 00:00:00,1.588787233
2007-03-07 00:00:00,1.588787233
2007-03-08 00:00:00,1.588787233
2007-03-09 00:00:00,1.588787233
2007-03-10 00:00:00,1.588787233
2007-03-11 00:00:00,1.810532903
2007-03-12 00:00:00,1.588787233
2007-03-13 00:00:00,1.588787233
2007-03-14 00:00:00,1.588787233
2007-03-15 00:00:00,2.196542937
2007-03-16 00:00:00,0
2007-03-17 00:00:00,6.451733491
2007-03-18 00:00:00,1.643171165
2007-03-19 00:00:00,1.636926084
2007-03-20 00:00:00,1.63625094
2007-03-21 00:00:00,1.604087836
2007-03-22 00:00:00,1.61654049
2007-03-23 00:00:00,1.634394295
2007-03-24 00:00:00,1.604087836
2007-03-25 00:00:00,0
2007-03-26 00:00:00,1.777641681
2007-03-27 00:00:00,2.451943586
2007-03-28 00:00:00,1.619425587
2007-03-29 00:00:00,1.619425587
2007-03-30 00:00:00,0
2007-03-31 00:00:00,1.634735502
2007-04-01 00:00:00,1.634735502
2007-04-02 00:00:00,3.051315836
2007-04-03 00:00:00,0
2007-04-04 00:00:00,2.183867586
2007-04-05 00:00:00,5.760079399
2007-04-06 00:00:00,1.671139815
2007-04-07 00:00:00,1.64898173
2007-04-08 00:00:00,1.687534127
2007-04-09 00:00:00,1.649878741
2007-04-10 00:00:00,1.64898173
2007-04-11 00:00:00,1.64898173
2007-04-12 00:00:00,3.930825521
2007-04-13 00:00:00,0
2007-04-14 00:00:00,20.80222209
2007-04-15 00:00:00,2.762344381
2007-04-16 00:00:00,0
2007-04-17 00:00:00,0
2007-04-18 00:00:00,0
2007-04-19 00:00:00,1.728420525
2007-04-20 00:00:00,1.728420525
2007-04-21 00:00:00,0
2007-04-22 00:00:00,1.745313675
2007-04-23 00:00:00,1.745313675
2007-04-24 00:00:00,21.21298271
2007-04-25 00:00:00,1.78497501
2007-04-26 00:00:00,1.791830099
2007-04-27 00:00:00,2.379108695
2007-04-28 00:00:00,21.32449567
2007-04-29 00:00:00,1.929642491
2007-04-30 00:00:00,3.230453476
2007-05-01 00:00:00,1.72328495
2007-05-02 00:00:00,1.97923831
2007-05-03 00:00:00,1.711615344
2007-05-04 00:00:00,1.711615344
2007-05-05 00:00:00,1.711615344
2007-05-06 00:00:00,1.711615344
2007-05-07 00:00:00,21.134615
2007-05-08 00:00:00,1.694714215
2007-05-09 00:00:00,1.694714215
2007-05-10 00:00:00,1.694714215
2007-05-11 00:00:00,3.362441434
2007-05-12 00:00:00,2.553858186
2007-05-13 00:00:00,1.694714215
2007-05-14 00:00:00,21.09848715
2007-05-15 00:00:00,2.082761291
2007-05-16 00:00:00,3.16689198
2007-05-17 00:00:00,0
2007-05-18 00:00:00,1.993337379
2007-05-19 00:00:00,2.590331097
2007-05-20 00:00:00,4.496677103
2007-05-21 00:00:00,1.817210341
2007-05-22 00:00:00,1.694714215
2007-05-23 00:00:00,1.694714215
2007-05-24 00:00:00,1.694714215
2007-05-25 00:00:00,1.694714215
2007-05-26 00:00:00,1.694714215
2007-05-27 00:00:00,1.694714215
2007-05-28 00:00:00,2.690111805
2007-05-29 00:00:00,1.694714215
2007-05-30 00:00:00,21.09848715
2007-05-31 00:00:00,1.952128653
2007-06-01 00:00:00,2.182277979
2007-06-02 00:00:00,2.026504287
2007-06-03 00:00:00,2.781162948
2007-06-04 00:00:00,3.338417627
2007-06-05 00:00:00,4.543403861
2007-06-06 00:00:00,2.649831891
2007-06-07 00:00:00,1.678060038
2007-06-08 00:00:00,1.678060038
2007-06-09 00:00:00,1.726324668
2007-06-10 00:00:00,2.704886171
2007-06-11 00:00:00,1.678060038
2007-06-12 00:00:00,2.979885922
2007-06-13 00:00:00,2.103518188
2007-06-14 00:00:00,1.678060038
2007-06-15 00:00:00,1.678060038
2007-06-16 00:00:00,1.678060038
2007-06-17 00:00:00,2.201366571
2007-06-18 00:00:00,2.231628948
2007-06-19 00:00:00,1.678060038
2007-06-20 00:00:00,1.843727219
2007-06-21 00:00:00,1.678060038
2007-06-22 00:00:00,2.680986612
2007-06-23 00:00:00,21.43580861
2007-06-24 00:00:00,1.663846689
2007-06-25 00:00:00,1.663846689
2007-06-26 00:00:00,1.66799754
2007-06-27 00:00:00,1.663846689
2007-06-28 00:00:00,1.721036197
2007-06-29 00:00:00,1.663846689
2007-06-30 00:00:00,1.663846689
2007-07-01 00:00:00,1.746633114
2007-07-02 00:00:00,1.663846689
2007-07-03 00:00:00,20.81878817
2007-07-04 00:00:00,1.64898173
2007-07-05 00:00:00,0
2007-07-06 00:00:00,1.737139966
2007-07-07 00:00:00,2.693872741
2007-07-08 00:00:00,2.175016355
2007-07-09 00:00:00,2.394973037
2007-07-10 00:00:00,6.380943435
2007-07-11 00:00:00,4.698580325
2007-07-12 00:00:00,0
2007-07-13 00:00:00,1.690164993
2007-07-14 00:00:00,1.682560598
2007-07-15 00:00:00,2.114226412
2007-07-16 00:00:00,2.563467702
2007-07-17 00:00:00,1.751582123
2007-07-18 00:00:00,2.815925842
2007-07-19 00:00:00,2.150774069
2007-07-20 00:00:00,6.196001873
2007-07-21 00:00:00,0
2007-07-22 00:00:00,1.694714215
2007-07-23 00:00:00,1.697123721
2007-07-24 00:00:00,1.854635393
2007-07-25 00:00:00,1.711891654
2007-07-26 00:00:00,1.694714215
2007-07-27 00:00:00,1.694714215
2007-07-28 00:00:00,2.433693858
2007-07-29 00:00:00,2.051554136
2007-07-30 00:00:00,2.120263893
2007-07-31 00:00:00,1.837574544
2007-08-01 00:00:00,1.694714215
2007-08-02 00:00:00,1.694714215
2007-08-03 00:00:00,1.694714215
2007-08-04 00:00:00,21.60177396
2007-08-05 00:00:00,1.678060038
2007-08-06 00:00:00,2.281833494
2007-08-07 00:00:00,1.731911569
2007-08-08 00:00:00,4.91567007
2007-08-09 00:00:00,2.305733012
2007-08-10 00:00:00,1.70711969
2007-08-11 00:00:00,1.678060038
2007-08-12 00:00:00,1.678060038
2007-08-13 00:00:00,1.700834425
2007-08-14 00:00:00,1.770515514
2007-08-15 00:00:00,1.678060038
2007-08-16 00:00:00,1.684888474
2007-08-17 00:00:00,4.062968949
2007-08-18 00:00:00,1.77870188
2007-08-19 00:00:00,1.678060038
2007-08-20 00:00:00,1.678060038
2007-08-21 00:00:00,1.678060038
2007-08-22 00:00:00,1.678060038
2007-08-23 00:00:00,1.684112515
2007-08-24 00:00:00,1.701183607
2007-08-25 00:00:00,1.766208942
2007-08-26 00:00:00,2.658173468
2007-08-27 00:00:00,1.693113637
2007-08-28 00:00:00,1.678060038
2007-08-29 00:00:00,1.678060038
2007-08-30 00:00:00,1.678060038
2007-08-31 00:00:00,4.708799453
2007-09-01 00:00:00,1.678060038
2007-09-02 00:00:00,20.97175879
2007-09-03 00:00:00,1.663846689
2007-09-04 00:00:00,1.663846689
2007-09-05 00:00:00,1.663846689
2007-09-06 00:00:00,1.663846689
2007-09-07 00:00:00,1.663846689
2007-09-08 00:00:00,1.663846689
2007-09-09 00:00:00,3.908381176
2007-09-10 00:00:00,2.716933056
2007-09-11 00:00:00,5.049865357
2007-09-12 00:00:00,3.883168583
2007-09-13 00:00:00,1.663846689
2007-09-14 00:00:00,1.663846689
2007-09-15 00:00:00,4.144441605
2007-09-16 00:00:00,1.66638332
2007-09-17 00:00:00,1.663846689
2007-09-18 00:00:00,1.663846689
2007-09-19 00:00:00,1.663846689
2007-09-20 00:00:00,1.668996819
2007-09-21 00:00:00,1.663846689
2007-09-22 00:00:00,1.663846689
2007-09-23 00:00:00,1.679758286
2007-09-24 00:00:00,1.663846689
2007-09-25 00:00:00,1.663846689
2007-09-26 00:00:00,1.664692233
2007-09-27 00:00:00,1.959133651
2007-09-28 00:00:00,2.593560546
2007-09-29 00:00:00,1.756549037
2007-09-30 00:00:00,1.663846689
2007-10-01 00:00:00,1.663846689
2007-10-02 00:00:00,1.663846689
2007-10-03 00:00:00,1.663846689
2007-10-04 00:00:00,1.663846689
2007-10-05 00:00:00,1.663846689
2007-10-06 00:00:00,1.663846689
2007-10-07 00:00:00,3.722553704
2007-10-08 00:00:00,6.212257635
2007-10-09 00:00:00,1.663846689
2007-10-10 00:00:00,3.379262978
2007-10-11 00:00:00,1.663846689
2007-10-12 00:00:00,6.84706885
2007-10-13 00:00:00,2.114060321
2007-10-14 00:00:00,1.668074408
2007-10-15 00:00:00,1.67253273
2007-10-16 00:00:00,1.663846689
2007-10-17 00:00:00,1.663846689
2007-10-18 00:00:00,1.905902816
2007-10-19 00:00:00,1.664615365
2007-10-20 00:00:00,6.514385741
2007-10-21 00:00:00,1.748900707
2007-10-22 00:00:00,1.663846689
2007-10-23 00:00:00,1.663846689
2007-10-24 00:00:00,2.329712432
2007-10-25 00:00:00,1.671110679
2007-10-26 00:00:00,20.8181011
2007-10-27 00:00:00,4.529609111
2007-10-28 00:00:00,2.933997986
2007-10-29 00:00:00,1.64898173
2007-10-30 00:00:00,1.64898173
2007-10-31 00:00:00,1.64898173
2007-11-01 00:00:00,1.64898173
2007-11-02 00:00:00,1.64898173
2007-11-03 00:00:00,1.64898173
2007-11-04 00:00:00,20.62943659
2007-11-05 00:00:00,1.634735502
2007-11-06 00:00:00,1.634735502
2007-11-07 00:00:00,1.796868291
2007-11-08 00:00:00,1.634735502
2007-11-09 00:00:00,1.634735502
2007-11-10 00:00:00,4.473194538
2007-11-11 00:00:00,1.634735502
2007-11-12 00:00:00,1.640639496
2007-11-13 00:00:00,20.49831452
2007-11-14 00:00:00,1.619425587
2007-11-15 00:00:00,1.619425587
2007-11-16 00:00:00,0
2007-11-17 00:00:00,1.634735502
2007-11-18 00:00:00,1.634735502
2007-11-19 00:00:00,3.890288664
2007-11-20 00:00:00,5.600100845
2007-11-21 00:00:00,20.50844788
2007-11-22 00:00:00,1.619425587
2007-11-23 00:00:00,1.619425587
2007-11-24 00:00:00,1.619425587
2007-11-25 00:00:00,2.33162405
2007-11-26 00:00:00,2.168699117
2007-11-27 00:00:00,0
2007-11-28 00:00:00,1.634735502
2007-11-29 00:00:00,1.639428421
2007-11-30 00:00:00,3.155846829
2007-12-01 00:00:00,4.283661201
2007-12-02 00:00:00,20.52086031
2007-12-03 00:00:00,0
2007-12-04 00:00:00,1.678485619
2007-12-05 00:00:00,20.50223225
2007-12-06 00:00:00,1.619425587
2007-12-07 00:00:00,1.62797679
2007-12-08 00:00:00,1.650315395
2007-12-09 00:00:00,1.634795151
2007-12-10 00:00:00,1.619425587
2007-12-11 00:00:00,1.619425587
2007-12-12 00:00:00,1.642140897
2007-12-13 00:00:00,1.63027469
2007-12-14 00:00:00,1.900108467
2007-12-15 00:00:00,1.697554201
2007-12-16 00:00:00,2.351325686
2007-12-17 00:00:00,1.623154966
2007-12-18 00:00:00,3.360480632
2007-12-19 00:00:00,1.655739947
2007-12-20 00:00:00,2.969762249
2007-12-21 00:00:00,3.53436769
2007-12-22 00:00:00,1.619425587
2007-12-23 00:00:00,20.39825824
2007-12-24 00:00:00,0
2007-12-25 00:00:00,2.038961926
2007-12-26 00:00:00,1.619425587
2007-12-27 00:00:00,1.619425587
2007-12-28 00:00:00,5.198386536
2007-12-29 00:00:00,1.693579967
2007-12-30 00:00:00,1.620442691
2007-12-31 00:00:00,2.010916238
2008-01-01 00:00:00,2.610197363
2008-01-02 00:00:00,2.971645808
2008-01-03 00:00:00,1.619425587
2008-01-04 00:00:00,1.619425587
2008-01-05 00:00:00,1.619425587
2008-01-06 00:00:00,1.619425587
2008-01-07 00:00:00,1.619425587
2008-01-08 00:00:00,1.619425587
2008-01-09 00:00:00,1.669338997
2008-01-10 00:00:00,1.701358921
2008-01-11 00:00:00,0
2008-01-12 00:00:00,2.549892573
2008-01-13 00:00:00,1.634735502
2008-01-14 00:00:00,2.584994842
2008-01-15 00:00:00,1.967043379
2008-01-16 00:00:00,1.641169342
2008-01-17 00:00:00,1.634735502
2008-01-18 00:00:00,2.804729437
2008-01-19 00:00:00,1.810057655
2008-01-20 00:00:00,1.642304726
2008-01-21 00:00:00,1.640261035
2008-01-22 00:00:00,1.634735502
2008-01-23 00:00:00,1.644272724
2008-01-24 00:00:00,1.634735502
2008-01-25 00:00:00,1.648776412
2008-01-26 00:00:00,1.634735502
2008-01-27 00:00:00,1.634735502
2008-01-28 00:00:00,1.705356365
2008-01-29 00:00:00,20.49831452
2008-01-30 00:00:00,2.319437609
2008-01-31 00:00:00,1.731250458
2008-02-01 00:00:00,1.937213912
2008-02-02 00:00:00,5.500466335
2008-02-03 00:00:00,1.738690384
2008-02-04 00:00:00,1.769994563
2008-02-05 00:00:00,4.481629974
2008-02-06 00:00:00,4.640787832
2008-02-07 00:00:00,5.040283574
2008-02-08 00:00:00,1.702489035
2008-02-09 00:00:00,1.635209526
2008-02-10 00:00:00,2.329646303
2008-02-11 00:00:00,1.944936357
2008-02-12 00:00:00,1.62575423
2008-02-13 00:00:00,0
2008-02-14 00:00:00,23.81004109
2008-02-15 00:00:00,1.639861832
2008-02-16 00:00:00,1.779638213
2008-02-17 00:00:00,1.619425587
2008-02-18 00:00:00,5.757906486
2008-02-19 00:00:00,0
2008-02-20 00:00:00,1.658881327
2008-02-21 00:00:00,1.634735502
2008-02-22 00:00:00,1.866580848
2008-02-23 00:00:00,2.189029789
2008-02-24 00:00:00,1.676063465
2008-02-25 00:00:00,1.634735502
2008-02-26 00:00:00,1.647073337
2008-02-27 00:00:00,5.419953306
2008-02-28 00:00:00,1.634886886
2008-02-29 00:00:00,20.49831452
2008-03-01 00:00:00,2.84537426
2008-03-02 00:00:00,1.774967077
2008-03-03 00:00:00,1.639541633
2008-03-04 00:00:00,1.725807073
2008-03-05 00:00:00,5.112083457
2008-03-06 00:00:00,1.975788487
2008-03-07 00:00:00,1.619425587
2008-03-08 00:00:00,3.400034719
2008-03-09 00:00:00,0
2008-03-10 00:00:00,1.634735502
2008-03-11 00:00:00,1.634735502
2008-03-12 00:00:00,1.635057194
2008-03-13 00:00:00,1.675760697
2008-03-14 00:00:00,1.652788102
2008-03-15 00:00:00,2.772825139
2008-03-16 00:00:00,1.77045169
2008-03-17 00:00:00,20.52084148
2008-03-18 00:00:00,1.619425587
2008-03-19 00:00:00,2.689795095
2008-03-20 00:00:00,4.114248612
2008-03-21 00:00:00,1.756527365
2008-03-22 00:00:00,1.619425587
2008-03-23 00:00:00,1.619425587
2008-03-24 00:00:00,20.39825824
2008-03-25 00:00:00,1.604087836
2008-03-26 00:00:00,1.604087836
2008-03-27 00:00:00,1.604087836
2008-03-28 00:00:00,4.103508037
2008-03-29 00:00:00,1.926731607
2008-03-30 00:00:00,1.604087836
2008-03-31 00:00:00,2.230021227
2008-04-01 00:00:00,1.887948327
2008-04-02 00:00:00,2.365237541
2008-04-03 00:00:00,0
2008-04-04 00:00:00,2.652275285
2008-04-05 00:00:00,2.478237604
2008-04-06 00:00:00,1.628843212
2008-04-07 00:00:00,1.633815717
2008-04-08 00:00:00,1.619425587
2008-04-09 00:00:00,0
2008-04-10 00:00:00,1.634735502
2008-04-11 00:00:00,1.922668797
2008-04-12 00:00:00,0
2008-04-13 00:00:00,0
2008-04-14 00:00:00,1.663846689
2008-04-15 00:00:00,1.663846689
2008-04-16 00:00:00,0
2008-04-17 00:00:00,1.678060038
2008-04-18 00:00:00,1.678060038
2008-04-19 00:00:00,1.678060038
2008-04-20 00:00:00,0
2008-04-21 00:00:00,1.694714215
2008-04-22 00:00:00,1.694714215
2008-04-23 00:00:00,1.694714215
2008-04-24 00:00:00,1.866138833
2008-04-25 00:00:00,1.694714215
2008-04-26 00:00:00,1.694714215
2008-04-27 00:00:00,1.920041788
2008-04-28 00:00:00,3.963535147
2008-04-29 00:00:00,9.811967469
2008-04-30 00:00:00,0
2008-05-01 00:00:00,1.711615344
2008-05-02 00:00:00,1.716516579
2008-05-03 00:00:00,2.632891856
2008-05-04 00:00:00,2.224747382
2008-05-05 00:00:00,1.821854224
2008-05-06 00:00:00,1.711615344
2008-05-07 00:00:00,1.711615344
2008-05-08 00:00:00,21.20227546
2008-05-09 00:00:00,1.694714215
2008-05-10 00:00:00,1.694714215
2008-05-11 00:00:00,1.694714215
2008-05-12 00:00:00,1.694714215
2008-05-13 00:00:00,21.09848715
2008-05-14 00:00:00,1.678060038
2008-05-15 00:00:00,1.741067884
2008-05-16 00:00:00,1.678060038
2008-05-17 00:00:00,1.813542425
2008-05-18 00:00:00,1.713191567
2008-05-19 00:00:00,1.888112051
2008-05-20 00:00:00,1.691096144
2008-05-21 00:00:00,1.690630569
2008-05-22 00:00:00,1.77963303
2008-05-23 00:00:00,1.695751896
2008-05-24 00:00:00,1.71577163
2008-05-25 00:00:00,1.678060038
2008-05-26 00:00:00,1.678060038
2008-05-27 00:00:00,1.684733282
2008-05-28 00:00:00,1.699554093
2008-05-29 00:00:00,1.678060038
2008-05-30 00:00:00,1.678060038
2008-05-31 00:00:00,2.021150179
2008-06-01 00:00:00,21.28922206
2008-06-02 00:00:00,1.663846689
2008-06-03 00:00:00,1.663846689
2008-06-04 00:00:00,2.117596243
2008-06-05 00:00:00,1.663846689
2008-06-06 00:00:00,0
2008-06-07 00:00:00,1.681241468
2008-06-08 00:00:00,1.678060038
2008-06-09 00:00:00,2.141617742
2008-06-10 00:00:00,1.793057115
2008-06-11 00:00:00,4.219790292
2008-06-12 00:00:00,1.678060038
2008-06-13 00:00:00,1.678060038
2008-06-14 00:00:00,1.678060038
2008-06-15 00:00:00,3.681352563
2008-06-16 00:00:00,1.776296405
2008-06-17 00:00:00,2.132306247
2008-06-18 00:00:00,1.685664433
2008-06-19 00:00:00,1.984718913
2008-06-20 00:00:00,1.83045833
2008-06-21 00:00:00,1.922099049
2008-06-22 00:00:00,3.368020419
2008-06-23 00:00:00,4.890761772
2008-06-24 00:00:00,1.86762675
2008-06-25 00:00:00,2.505309591
2008-06-26 00:00:00,2.108018749
2008-06-27 00:00:00,1.784987145
2008-06-28 00:00:00,2.277022553
2008-06-29 00:00:00,6.437170017
2008-06-30 00:00:00,0
2008-07-01 00:00:00,2.712924343
2008-07-02 00:00:00,5.233577536
2008-07-03 00:00:00,1.739018019
2008-07-04 00:00:00,1.976470854
2008-07-05 00:00:00,21.09848715
2008-07-06 00:00:00,1.678060038
2008-07-07 00:00:00,1.678060038
2008-07-08 00:00:00,1.678060038
2008-07-09 00:00:00,2.2141699
2008-07-10 00:00:00,4.20434874
2008-07-11 00:00:00,2.215566639
2008-07-12 00:00:00,1.751620923
2008-07-13 00:00:00,0
2008-07-14 00:00:00,2.475044071
2008-07-15 00:00:00,1.694791941
2008-07-16 00:00:00,21.09848715
2008-07-17 00:00:00,6.227195295
2008-07-18 00:00:00,1.678060038
2008-07-19 00:00:00,2.927431106
2008-07-20 00:00:00,3.450349656
2008-07-21 00:00:00,0
2008-07-22 00:00:00,2.804019264
2008-07-23 00:00:00,3.250554885
2008-07-24 00:00:00,8.61520116
2008-07-25 00:00:00,3.288329742
2008-07-26 00:00:00,1.694714215
2008-07-27 00:00:00,3.098678367
2008-07-28 00:00:00,2.003286303
2008-07-29 00:00:00,21.26205924
2008-07-30 00:00:00,1.678060038
2008-07-31 00:00:00,1.678060038
2008-08-01 00:00:00,2.775071605
2008-08-02 00:00:00,1.930013825
2008-08-03 00:00:00,4.843583692
2008-08-04 00:00:00,1.927996332
2008-08-05 00:00:00,1.678060038
2008-08-06 00:00:00,7.156871552
2008-08-07 00:00:00,3.028228127
2008-08-08 00:00:00,2.560635464
2008-08-09 00:00:00,21.34226071
2008-08-10 00:00:00,1.738023944
2008-08-11 00:00:00,3.203351342
2008-08-12 00:00:00,3.073983149
2008-08-13 00:00:00,1.8425639
2008-08-14 00:00:00,1.663846689
2008-08-15 00:00:00,1.663846689
2008-08-16 00:00:00,1.838566789
2008-08-17 00:00:00,2.00421651
2008-08-18 00:00:00,1.663846689
2008-08-19 00:00:00,3.280142126
2008-08-20 00:00:00,1.663846689
2008-08-21 00:00:00,1.663846689
2008-08-22 00:00:00,1.663846689
2008-08-23 00:00:00,1.663846689
2008-08-24 00:00:00,1.663846689
2008-08-25 00:00:00,5.995798284
2008-08-26 00:00:00,1.663846689
2008-08-27 00:00:00,20.7994738
2008-08-28 00:00:00,1.64898173
2008-08-29 00:00:00,1.64898173
2008-08-30 00:00:00,1.674117129
2008-08-31 00:00:00,1.718834091
2008-09-01 00:00:00,1.64898173
2008-09-02 00:00:00,1.64898173
2008-09-03 00:00:00,1.64898173
2008-09-04 00:00:00,1.672342191
2008-09-05 00:00:00,1.64898173
2008-09-06 00:00:00,2.941135885
2008-09-07 00:00:00,0
2008-09-08 00:00:00,1.663846689
2008-09-09 00:00:00,4.264816248
2008-09-10 00:00:00,1.714425581
2008-09-11 00:00:00,1.663846689
2008-09-12 00:00:00,1.683025159
2008-09-13 00:00:00,2.262510933
2008-09-14 00:00:00,4.615640057
2008-09-15 00:00:00,1.668843084
2008-09-16 00:00:00,1.663846689
2008-09-17 00:00:00,1.663846689
2008-09-18 00:00:00,1.668919952
2008-09-19 00:00:00,1.663846689
2008-09-20 00:00:00,1.663846689
2008-09-21 00:00:00,1.663846689
2008-09-22 00:00:00,1.787219218
2008-09-23 00:00:00,1.663846689
2008-09-24 00:00:00,1.663846689
2008-09-25 00:00:00,1.663846689
2008-09-26 00:00:00,1.748554805
2008-09-27 00:00:00,6.654092313
2008-09-28 00:00:00,3.499291698
2008-09-29 00:00:00,2.020051228
2008-09-30 00:00:00,1.663846689
2008-10-01 00:00:00,2.567002795
2008-10-02 00:00:00,3.250855536
2008-10-03 00:00:00,1.845119751
2008-10-04 00:00:00,1.670534172
2008-10-05 00:00:00,20.7994738
2008-10-06 00:00:00,1.64898173
2008-10-07 00:00:00,1.64898173
2008-10-08 00:00:00,1.64898173
2008-10-09 00:00:00,2.200777209
2008-10-10 00:00:00,20.62943659
2008-10-11 00:00:00,1.634735502
2008-10-12 00:00:00,1.634735502
2008-10-13 00:00:00,1.634735502
2008-10-14 00:00:00,1.634735502
2008-10-15 00:00:00,1.634735502
2008-10-16 00:00:00,2.848460625
2008-10-17 00:00:00,1.818743348
2008-10-18 00:00:00,1.634735502
2008-10-19 00:00:00,1.634735502
2008-10-20 00:00:00,1.634735502
2008-10-21 00:00:00,1.742294174
2008-10-22 00:00:00,2.571729788
2008-10-23 00:00:00,1.634735502
2008-10-24 00:00:00,2.129384314
2008-10-25 00:00:00,1.634811194
2008-10-26 00:00:00,0
2008-10-27 00:00:00,1.658600743
2008-10-28 00:00:00,2.214862186
2008-10-29 00:00:00,0
2008-10-30 00:00:00,1.663846689
2008-10-31 00:00:00,1.663846689
2008-11-01 00:00:00,1.663846689
2008-11-02 00:00:00,1.663846689
2008-11-03 00:00:00,20.7994738
2008-11-04 00:00:00,1.64898173
2008-11-05 00:00:00,1.64898173
2008-11-06 00:00:00,1.6828773
2008-11-07 00:00:00,2.959877692
2008-11-08 00:00:00,1.782197434
2008-11-09 00:00:00,2.93844484
2008-11-10 00:00:00,1.683411691
2008-11-11 00:00:00,1.68669437
2008-11-12 00:00:00,5.903639524
2008-11-13 00:00:00,1.654707333
2008-11-14 00:00:00,3.457394453
2008-11-15 00:00:00,1.816512881
2008-11-16 00:00:00,3.537285659
2008-11-17 00:00:00,1.64898173
2008-11-18 00:00:00,1.64898173
2008-11-19 00:00:00,1.64898173
2008-11-20 00:00:00,1.64898173
2008-11-21 00:00:00,1.64898173
2008-11-22 00:00:00,1.64898173
2008-11-23 00:00:00,1.64898173
2008-11-24 00:00:00,1.64898173
2008-11-25 00:00:00,7.722549211
2008-11-26 00:00:00,0
2008-11-27 00:00:00,0
2008-11-28 00:00:00,1.678060038
2008-11-29 00:00:00,20.97175879
2008-11-30 00:00:00,1.663846689
2008-12-01 00:00:00,0
2008-12-02 00:00:00,1.788440163
2008-12-03 00:00:00,5.903931101
2008-12-04 00:00:00,20.97175879
2008-12-05 00:00:00,1.687003059
2008-12-06 00:00:00,1.663846689
2008-12-07 00:00:00,1.663846689
2008-12-08 00:00:00,20.8833348
2008-12-09 00:00:00,1.817505319
2008-12-10 00:00:00,3.111224457
2008-12-11 00:00:00,2.318724637
2008-12-12 00:00:00,0
2008-12-13 00:00:00,0
2008-12-14 00:00:00,20.97175879
2008-12-15 00:00:00,1.71407968
2008-12-16 00:00:00,2.371067224
2008-12-17 00:00:00,0
2008-12-18 00:00:00,21.11211906
2008-12-19 00:00:00,1.670534172
2008-12-20 00:00:00,4.178974385
2008-12-21 00:00:00,2.602323439
2008-12-22 00:00:00,22.85820989
2008-12-23 00:00:00,1.64898173
2008-12-24 00:00:00,2.085463558
2008-12-25 00:00:00,3.362311261
2008-12-26 00:00:00,20.62943659
2008-12-27 00:00:00,1.70997359
2008-12-28 00:00:00,1.700133601
2008-12-29 00:00:00,1.713455436
2008-12-30 00:00:00,1.682535153
2008-12-31 00:00:00,1.884084672
